/mnt/hitchcock/scratch/oberon/envs/omniparser/lib/python3.12/site-packages/paddle/utils/cpp_extension/extension_utils.py:712: UserWarning: No ccache found. Please be aware that recompiling all source files may be required. You can download and install ccache from: https://github.com/ccache/ccache/blob/master/doc/INSTALL.md
  warnings.warn(warning_message)

0: 736x1280 202 icons, 45.8ms
Speed: 6.8ms preprocess, 45.8ms inference, 155.6ms postprocess per image at shape (1, 3, 736, 1280)
len(filtered_boxes): 211 71
time to get parsed content: 1.4066696166992188e-05

0: 736x1280 195 icons, 12.9ms
Speed: 4.3ms preprocess, 12.9ms inference, 1.1ms postprocess per image at shape (1, 3, 736, 1280)
len(filtered_boxes): 205 70
time to get parsed content: 1.621246337890625e-05

0: 736x1280 197 icons, 15.4ms
Speed: 4.6ms preprocess, 15.4ms inference, 4.1ms postprocess per image at shape (1, 3, 736, 1280)
len(filtered_boxes): 202 63
time to get parsed content: 1.4781951904296875e-05

0: 736x1280 197 icons, 17.6ms
Speed: 4.1ms preprocess, 17.6ms inference, 2.8ms postprocess per image at shape (1, 3, 736, 1280)
len(filtered_boxes): 202 62
time to get parsed content: 1.1920928955078125e-05

0: 736x1280 248 icons, 12.9ms
Speed: 4.3ms preprocess, 12.9ms inference, 1.1ms postprocess per image at shape (1, 3, 736, 1280)
len(filtered_boxes): 224 68
time to get parsed content: 1.4066696166992188e-05

0: 736x1280 249 icons, 12.9ms
Speed: 4.1ms preprocess, 12.9ms inference, 1.0ms postprocess per image at shape (1, 3, 736, 1280)
len(filtered_boxes): 254 63
time to get parsed content: 1.1920928955078125e-05

0: 736x1280 249 icons, 16.4ms
Speed: 4.8ms preprocess, 16.4ms inference, 3.8ms postprocess per image at shape (1, 3, 736, 1280)
len(filtered_boxes): 253 68
time to get parsed content: 1.1920928955078125e-05

0: 736x1280 271 icons, 16.3ms
Speed: 4.8ms preprocess, 16.3ms inference, 4.3ms postprocess per image at shape (1, 3, 736, 1280)
len(filtered_boxes): 249 74
time to get parsed content: 1.3589859008789062e-05

0: 736x1280 271 icons, 12.9ms
Speed: 4.1ms preprocess, 12.9ms inference, 1.0ms postprocess per image at shape (1, 3, 736, 1280)
len(filtered_boxes): 252 71
time to get parsed content: 1.3113021850585938e-05

0: 736x1280 271 icons, 13.2ms
Speed: 4.2ms preprocess, 13.2ms inference, 1.2ms postprocess per image at shape (1, 3, 736, 1280)
len(filtered_boxes): 251 71
time to get parsed content: 1.3828277587890625e-05

0: 736x1280 260 icons, 12.9ms
Speed: 4.1ms preprocess, 12.9ms inference, 1.0ms postprocess per image at shape (1, 3, 736, 1280)
len(filtered_boxes): 249 72
time to get parsed content: 1.4066696166992188e-05

0: 736x1280 287 icons, 12.9ms
Speed: 4.3ms preprocess, 12.9ms inference, 1.1ms postprocess per image at shape (1, 3, 736, 1280)
len(filtered_boxes): 263 60
time to get parsed content: 1.1920928955078125e-05

0: 736x1280 282 icons, 12.9ms
Speed: 4.1ms preprocess, 12.9ms inference, 1.0ms postprocess per image at shape (1, 3, 736, 1280)
len(filtered_boxes): 263 60
time to get parsed content: 1.2874603271484375e-05

0: 736x1280 282 icons, 12.9ms
Speed: 4.1ms preprocess, 12.9ms inference, 1.0ms postprocess per image at shape (1, 3, 736, 1280)
len(filtered_boxes): 250 60
time to get parsed content: 1.1920928955078125e-05

0: 736x1280 289 icons, 18.4ms
Speed: 4.1ms preprocess, 18.4ms inference, 4.3ms postprocess per image at shape (1, 3, 736, 1280)
len(filtered_boxes): 263 62
time to get parsed content: 1.1682510375976562e-05

0: 736x1280 251 icons, 18.1ms
Speed: 4.1ms preprocess, 18.1ms inference, 3.0ms postprocess per image at shape (1, 3, 736, 1280)
len(filtered_boxes): 251 79
time to get parsed content: 1.4543533325195312e-05

0: 736x1280 250 icons, 15.9ms
Speed: 4.1ms preprocess, 15.9ms inference, 4.0ms postprocess per image at shape (1, 3, 736, 1280)
len(filtered_boxes): 252 83
time to get parsed content: 1.4543533325195312e-05

0: 736x1280 249 icons, 12.9ms
Speed: 4.3ms preprocess, 12.9ms inference, 1.0ms postprocess per image at shape (1, 3, 736, 1280)
len(filtered_boxes): 252 83
time to get parsed content: 1.5020370483398438e-05

0: 736x1280 270 icons, 12.9ms
Speed: 4.1ms preprocess, 12.9ms inference, 1.0ms postprocess per image at shape (1, 3, 736, 1280)
len(filtered_boxes): 249 75
time to get parsed content: 1.5497207641601562e-05

0: 736x1280 271 icons, 16.4ms
Speed: 4.0ms preprocess, 16.4ms inference, 4.1ms postprocess per image at shape (1, 3, 736, 1280)
len(filtered_boxes): 267 80
time to get parsed content: 1.430511474609375e-05

0: 736x1280 263 icons, 13.7ms
Speed: 4.1ms preprocess, 13.7ms inference, 2.0ms postprocess per image at shape (1, 3, 736, 1280)
len(filtered_boxes): 260 81
time to get parsed content: 1.52587890625e-05

0: 736x1280 277 icons, 13.4ms
Speed: 4.1ms preprocess, 13.4ms inference, 1.2ms postprocess per image at shape (1, 3, 736, 1280)
len(filtered_boxes): 259 80
time to get parsed content: 1.5020370483398438e-05

0: 736x1280 276 icons, 18.2ms
Speed: 4.1ms preprocess, 18.2ms inference, 4.3ms postprocess per image at shape (1, 3, 736, 1280)
len(filtered_boxes): 266 81
time to get parsed content: 1.6450881958007812e-05

0: 736x1280 265 icons, 12.9ms
Speed: 4.2ms preprocess, 12.9ms inference, 1.0ms postprocess per image at shape (1, 3, 736, 1280)
len(filtered_boxes): 263 78
time to get parsed content: 1.3828277587890625e-05

0: 736x1280 238 icons, 12.9ms
Speed: 4.2ms preprocess, 12.9ms inference, 1.0ms postprocess per image at shape (1, 3, 736, 1280)
len(filtered_boxes): 230 55
time to get parsed content: 9.775161743164062e-06

0: 736x1280 239 icons, 18.0ms
Speed: 4.2ms preprocess, 18.0ms inference, 3.0ms postprocess per image at shape (1, 3, 736, 1280)
len(filtered_boxes): 230 55
time to get parsed content: 1.0967254638671875e-05

0: 736x1280 243 icons, 12.9ms
Speed: 4.1ms preprocess, 12.9ms inference, 1.0ms postprocess per image at shape (1, 3, 736, 1280)
len(filtered_boxes): 233 56
time to get parsed content: 9.059906005859375e-06

0: 736x1280 245 icons, 12.9ms
Speed: 4.2ms preprocess, 12.9ms inference, 1.0ms postprocess per image at shape (1, 3, 736, 1280)
len(filtered_boxes): 237 60
time to get parsed content: 1.2159347534179688e-05

0: 736x1280 250 icons, 12.9ms
Speed: 4.1ms preprocess, 12.9ms inference, 1.0ms postprocess per image at shape (1, 3, 736, 1280)
len(filtered_boxes): 244 62
time to get parsed content: 1.1205673217773438e-05

0: 736x1280 252 icons, 12.9ms
Speed: 4.1ms preprocess, 12.9ms inference, 1.0ms postprocess per image at shape (1, 3, 736, 1280)
len(filtered_boxes): 242 62
time to get parsed content: 1.0013580322265625e-05

0: 736x1280 253 icons, 12.9ms
Speed: 4.1ms preprocess, 12.9ms inference, 1.0ms postprocess per image at shape (1, 3, 736, 1280)
len(filtered_boxes): 246 66
time to get parsed content: 1.33514404296875e-05

0: 736x1280 258 icons, 12.9ms
Speed: 4.1ms preprocess, 12.9ms inference, 1.0ms postprocess per image at shape (1, 3, 736, 1280)
len(filtered_boxes): 246 66
time to get parsed content: 1.1205673217773438e-05

0: 736x1280 257 icons, 15.7ms
Speed: 4.3ms preprocess, 15.7ms inference, 1.0ms postprocess per image at shape (1, 3, 736, 1280)
len(filtered_boxes): 245 66
time to get parsed content: 1.3113021850585938e-05

0: 736x1280 257 icons, 12.9ms
Speed: 4.1ms preprocess, 12.9ms inference, 1.0ms postprocess per image at shape (1, 3, 736, 1280)
len(filtered_boxes): 245 66
time to get parsed content: 2.47955322265625e-05

0: 736x1280 257 icons, 15.6ms
Speed: 4.1ms preprocess, 15.6ms inference, 4.0ms postprocess per image at shape (1, 3, 736, 1280)
len(filtered_boxes): 247 66
time to get parsed content: 1.0967254638671875e-05

0: 736x1280 260 icons, 15.8ms
Speed: 4.1ms preprocess, 15.8ms inference, 4.1ms postprocess per image at shape (1, 3, 736, 1280)
len(filtered_boxes): 251 65
time to get parsed content: 1.1205673217773438e-05

0: 736x1280 258 icons, 18.3ms
Speed: 4.2ms preprocess, 18.3ms inference, 4.3ms postprocess per image at shape (1, 3, 736, 1280)
len(filtered_boxes): 251 67
time to get parsed content: 1.239776611328125e-05

0: 736x1280 257 icons, 12.9ms
Speed: 4.1ms preprocess, 12.9ms inference, 1.0ms postprocess per image at shape (1, 3, 736, 1280)
len(filtered_boxes): 241 66
time to get parsed content: 1.2636184692382812e-05

0: 736x1280 255 icons, 12.9ms
Speed: 4.2ms preprocess, 12.9ms inference, 1.0ms postprocess per image at shape (1, 3, 736, 1280)
len(filtered_boxes): 246 64
time to get parsed content: 1.1444091796875e-05

0: 736x1280 257 icons, 12.9ms
Speed: 4.2ms preprocess, 12.9ms inference, 1.0ms postprocess per image at shape (1, 3, 736, 1280)
len(filtered_boxes): 245 63
time to get parsed content: 1.2159347534179688e-05

0: 736x1280 256 icons, 12.9ms
Speed: 4.1ms preprocess, 12.9ms inference, 1.0ms postprocess per image at shape (1, 3, 736, 1280)
len(filtered_boxes): 250 65
time to get parsed content: 1.1920928955078125e-05

0: 736x1280 259 icons, 12.9ms
Speed: 4.1ms preprocess, 12.9ms inference, 1.0ms postprocess per image at shape (1, 3, 736, 1280)
len(filtered_boxes): 246 65
time to get parsed content: 1.0967254638671875e-05

0: 736x1280 258 icons, 13.4ms
Speed: 4.1ms preprocess, 13.4ms inference, 1.2ms postprocess per image at shape (1, 3, 736, 1280)
len(filtered_boxes): 240 71
time to get parsed content: 1.1920928955078125e-05

0: 736x1280 259 icons, 12.9ms
Speed: 4.0ms preprocess, 12.9ms inference, 1.0ms postprocess per image at shape (1, 3, 736, 1280)
len(filtered_boxes): 253 70
time to get parsed content: 1.3589859008789062e-05

0: 736x1280 257 icons, 12.9ms
Speed: 4.2ms preprocess, 12.9ms inference, 1.0ms postprocess per image at shape (1, 3, 736, 1280)
len(filtered_boxes): 244 62
time to get parsed content: 1.1682510375976562e-05

0: 736x1280 258 icons, 17.7ms
Speed: 4.1ms preprocess, 17.7ms inference, 2.6ms postprocess per image at shape (1, 3, 736, 1280)
len(filtered_boxes): 248 65
time to get parsed content: 1.33514404296875e-05

0: 736x1280 258 icons, 15.9ms
Speed: 4.1ms preprocess, 15.9ms inference, 4.0ms postprocess per image at shape (1, 3, 736, 1280)
len(filtered_boxes): 250 64
time to get parsed content: 1.0728836059570312e-05

0: 736x1280 258 icons, 12.9ms
Speed: 4.1ms preprocess, 12.9ms inference, 1.0ms postprocess per image at shape (1, 3, 736, 1280)
len(filtered_boxes): 251 64
time to get parsed content: 1.1920928955078125e-05

0: 736x1280 259 icons, 16.2ms
Speed: 4.9ms preprocess, 16.2ms inference, 1.0ms postprocess per image at shape (1, 3, 736, 1280)
len(filtered_boxes): 249 64
time to get parsed content: 1.1444091796875e-05

0: 736x1280 258 icons, 18.0ms
Speed: 4.2ms preprocess, 18.0ms inference, 3.0ms postprocess per image at shape (1, 3, 736, 1280)
len(filtered_boxes): 251 65
time to get parsed content: 1.0251998901367188e-05
50 frames, t=49.0s, 0.16 frames/s

0: 736x1280 257 icons, 12.9ms
Speed: 4.1ms preprocess, 12.9ms inference, 1.0ms postprocess per image at shape (1, 3, 736, 1280)
len(filtered_boxes): 240 64
time to get parsed content: 1.239776611328125e-05

0: 736x1280 258 icons, 12.9ms
Speed: 4.0ms preprocess, 12.9ms inference, 1.0ms postprocess per image at shape (1, 3, 736, 1280)
len(filtered_boxes): 241 64
time to get parsed content: 1.0251998901367188e-05

0: 736x1280 257 icons, 12.9ms
Speed: 4.1ms preprocess, 12.9ms inference, 1.0ms postprocess per image at shape (1, 3, 736, 1280)
len(filtered_boxes): 242 63
time to get parsed content: 1.0251998901367188e-05

0: 736x1280 300 icons, 12.9ms
Speed: 4.2ms preprocess, 12.9ms inference, 1.1ms postprocess per image at shape (1, 3, 736, 1280)
len(filtered_boxes): 271 96
time to get parsed content: 1.6927719116210938e-05

0: 736x1280 300 icons, 29.5ms
Speed: 4.1ms preprocess, 29.5ms inference, 9.6ms postprocess per image at shape (1, 3, 736, 1280)
len(filtered_boxes): 278 93
time to get parsed content: 1.1920928955078125e-05

0: 736x1280 300 icons, 12.9ms
Speed: 4.3ms preprocess, 12.9ms inference, 1.1ms postprocess per image at shape (1, 3, 736, 1280)
len(filtered_boxes): 279 91
time to get parsed content: 1.4781951904296875e-05

0: 736x1280 300 icons, 12.9ms
Speed: 4.0ms preprocess, 12.9ms inference, 1.0ms postprocess per image at shape (1, 3, 736, 1280)
len(filtered_boxes): 280 92
time to get parsed content: 1.4543533325195312e-05

0: 736x1280 300 icons, 12.9ms
Speed: 4.2ms preprocess, 12.9ms inference, 1.0ms postprocess per image at shape (1, 3, 736, 1280)
len(filtered_boxes): 281 92
time to get parsed content: 1.8358230590820312e-05

0: 736x1280 300 icons, 12.9ms
Speed: 4.1ms preprocess, 12.9ms inference, 1.0ms postprocess per image at shape (1, 3, 736, 1280)
len(filtered_boxes): 282 91
time to get parsed content: 1.6689300537109375e-05

0: 736x1280 300 icons, 18.4ms
Speed: 4.2ms preprocess, 18.4ms inference, 3.1ms postprocess per image at shape (1, 3, 736, 1280)
len(filtered_boxes): 281 90
time to get parsed content: 1.4781951904296875e-05

0: 736x1280 300 icons, 12.9ms
Speed: 4.1ms preprocess, 12.9ms inference, 1.0ms postprocess per image at shape (1, 3, 736, 1280)
len(filtered_boxes): 280 90
time to get parsed content: 1.71661376953125e-05

0: 736x1280 300 icons, 12.9ms
Speed: 4.3ms preprocess, 12.9ms inference, 1.1ms postprocess per image at shape (1, 3, 736, 1280)
len(filtered_boxes): 282 88
time to get parsed content: 1.6450881958007812e-05

0: 736x1280 300 icons, 13.1ms
Speed: 4.1ms preprocess, 13.1ms inference, 1.0ms postprocess per image at shape (1, 3, 736, 1280)
len(filtered_boxes): 280 88
time to get parsed content: 1.5974044799804688e-05

0: 736x1280 256 icons, 13.1ms
Speed: 4.1ms preprocess, 13.1ms inference, 1.0ms postprocess per image at shape (1, 3, 736, 1280)
len(filtered_boxes): 241 61
time to get parsed content: 1.1682510375976562e-05

0: 736x1280 254 icons, 12.9ms
Speed: 4.1ms preprocess, 12.9ms inference, 1.0ms postprocess per image at shape (1, 3, 736, 1280)
len(filtered_boxes): 239 61
time to get parsed content: 1.1205673217773438e-05

0: 736x1280 255 icons, 12.9ms
Speed: 4.1ms preprocess, 12.9ms inference, 1.0ms postprocess per image at shape (1, 3, 736, 1280)
len(filtered_boxes): 249 64
time to get parsed content: 1.1444091796875e-05

0: 736x1280 258 icons, 18.5ms
Speed: 4.3ms preprocess, 18.5ms inference, 4.3ms postprocess per image at shape (1, 3, 736, 1280)
len(filtered_boxes): 245 62
time to get parsed content: 1.049041748046875e-05

0: 736x1280 258 icons, 16.4ms
Speed: 5.8ms preprocess, 16.4ms inference, 4.3ms postprocess per image at shape (1, 3, 736, 1280)
len(filtered_boxes): 243 62
time to get parsed content: 1.1444091796875e-05

0: 736x1280 256 icons, 12.9ms
Speed: 4.2ms preprocess, 12.9ms inference, 1.0ms postprocess per image at shape (1, 3, 736, 1280)
len(filtered_boxes): 243 63
time to get parsed content: 1.1205673217773438e-05

0: 736x1280 258 icons, 12.9ms
Speed: 4.4ms preprocess, 12.9ms inference, 1.0ms postprocess per image at shape (1, 3, 736, 1280)
len(filtered_boxes): 247 62
time to get parsed content: 1.1205673217773438e-05

0: 736x1280 258 icons, 13.1ms
Speed: 4.2ms preprocess, 13.1ms inference, 1.0ms postprocess per image at shape (1, 3, 736, 1280)
len(filtered_boxes): 249 62
time to get parsed content: 1.0967254638671875e-05

0: 736x1280 261 icons, 12.9ms
Speed: 4.1ms preprocess, 12.9ms inference, 1.1ms postprocess per image at shape (1, 3, 736, 1280)
len(filtered_boxes): 250 61
time to get parsed content: 1.0251998901367188e-05

0: 736x1280 258 icons, 14.5ms
Speed: 4.2ms preprocess, 14.5ms inference, 4.4ms postprocess per image at shape (1, 3, 736, 1280)
len(filtered_boxes): 240 63
time to get parsed content: 1.1920928955078125e-05

0: 736x1280 258 icons, 13.2ms
Speed: 5.3ms preprocess, 13.2ms inference, 1.0ms postprocess per image at shape (1, 3, 736, 1280)
len(filtered_boxes): 244 63
time to get parsed content: 1.1682510375976562e-05

0: 736x1280 300 icons, 18.3ms
Speed: 4.3ms preprocess, 18.3ms inference, 4.2ms postprocess per image at shape (1, 3, 736, 1280)
len(filtered_boxes): 281 92
time to get parsed content: 1.6927719116210938e-05

0: 736x1280 300 icons, 12.9ms
Speed: 4.2ms preprocess, 12.9ms inference, 1.1ms postprocess per image at shape (1, 3, 736, 1280)
len(filtered_boxes): 280 92
time to get parsed content: 1.430511474609375e-05

0: 736x1280 300 icons, 12.9ms
Speed: 4.1ms preprocess, 12.9ms inference, 1.1ms postprocess per image at shape (1, 3, 736, 1280)
len(filtered_boxes): 276 91
time to get parsed content: 1.6689300537109375e-05

0: 736x1280 300 icons, 12.9ms
Speed: 4.2ms preprocess, 12.9ms inference, 1.0ms postprocess per image at shape (1, 3, 736, 1280)
len(filtered_boxes): 275 91
time to get parsed content: 1.430511474609375e-05

0: 736x1280 300 icons, 13.1ms
Speed: 4.2ms preprocess, 13.1ms inference, 1.0ms postprocess per image at shape (1, 3, 736, 1280)
len(filtered_boxes): 286 93
time to get parsed content: 1.5735626220703125e-05

0: 736x1280 260 icons, 12.9ms
Speed: 4.1ms preprocess, 12.9ms inference, 1.0ms postprocess per image at shape (1, 3, 736, 1280)
len(filtered_boxes): 243 64
time to get parsed content: 1.2874603271484375e-05

0: 736x1280 257 icons, 16.9ms
Speed: 4.1ms preprocess, 16.9ms inference, 1.0ms postprocess per image at shape (1, 3, 736, 1280)
len(filtered_boxes): 234 67
time to get parsed content: 1.1444091796875e-05

0: 736x1280 260 icons, 12.9ms
Speed: 4.2ms preprocess, 12.9ms inference, 1.0ms postprocess per image at shape (1, 3, 736, 1280)
len(filtered_boxes): 236 67
time to get parsed content: 1.1444091796875e-05

0: 736x1280 260 icons, 18.3ms
Speed: 4.2ms preprocess, 18.3ms inference, 4.6ms postprocess per image at shape (1, 3, 736, 1280)
len(filtered_boxes): 235 62
time to get parsed content: 1.0013580322265625e-05

0: 736x1280 264 icons, 13.1ms
Speed: 4.1ms preprocess, 13.1ms inference, 1.0ms postprocess per image at shape (1, 3, 736, 1280)
len(filtered_boxes): 239 64
time to get parsed content: 1.1444091796875e-05

0: 736x1280 262 icons, 12.9ms
Speed: 4.1ms preprocess, 12.9ms inference, 1.0ms postprocess per image at shape (1, 3, 736, 1280)
len(filtered_boxes): 247 66
time to get parsed content: 1.1205673217773438e-05

0: 736x1280 300 icons, 18.3ms
Speed: 4.1ms preprocess, 18.3ms inference, 3.1ms postprocess per image at shape (1, 3, 736, 1280)
len(filtered_boxes): 287 88
time to get parsed content: 1.5497207641601562e-05

0: 736x1280 300 icons, 18.0ms
Speed: 4.2ms preprocess, 18.0ms inference, 3.1ms postprocess per image at shape (1, 3, 736, 1280)
len(filtered_boxes): 287 87
time to get parsed content: 1.4066696166992188e-05

0: 736x1280 300 icons, 12.9ms
Speed: 4.2ms preprocess, 12.9ms inference, 1.0ms postprocess per image at shape (1, 3, 736, 1280)
len(filtered_boxes): 284 88
time to get parsed content: 1.5020370483398438e-05

0: 736x1280 300 icons, 12.9ms
Speed: 4.3ms preprocess, 12.9ms inference, 1.1ms postprocess per image at shape (1, 3, 736, 1280)
len(filtered_boxes): 285 89
time to get parsed content: 1.6689300537109375e-05

0: 736x1280 300 icons, 12.9ms
Speed: 4.2ms preprocess, 12.9ms inference, 1.0ms postprocess per image at shape (1, 3, 736, 1280)
len(filtered_boxes): 285 90
time to get parsed content: 1.5020370483398438e-05

0: 736x1280 300 icons, 12.9ms
Speed: 4.1ms preprocess, 12.9ms inference, 1.0ms postprocess per image at shape (1, 3, 736, 1280)
len(filtered_boxes): 290 98
time to get parsed content: 1.7642974853515625e-05

0: 736x1280 300 icons, 18.0ms
Speed: 4.1ms preprocess, 18.0ms inference, 4.6ms postprocess per image at shape (1, 3, 736, 1280)
len(filtered_boxes): 285 90
time to get parsed content: 1.6689300537109375e-05

0: 736x1280 300 icons, 13.7ms
Speed: 4.7ms preprocess, 13.7ms inference, 2.0ms postprocess per image at shape (1, 3, 736, 1280)
len(filtered_boxes): 285 88
time to get parsed content: 1.52587890625e-05

0: 736x1280 300 icons, 18.0ms
Speed: 4.2ms preprocess, 18.0ms inference, 5.2ms postprocess per image at shape (1, 3, 736, 1280)
len(filtered_boxes): 285 88
time to get parsed content: 1.6689300537109375e-05

0: 736x1280 300 icons, 12.9ms
Speed: 4.2ms preprocess, 12.9ms inference, 1.0ms postprocess per image at shape (1, 3, 736, 1280)
len(filtered_boxes): 289 90
time to get parsed content: 1.5735626220703125e-05

0: 736x1280 300 icons, 15.3ms
Speed: 4.1ms preprocess, 15.3ms inference, 4.3ms postprocess per image at shape (1, 3, 736, 1280)
len(filtered_boxes): 285 95
time to get parsed content: 1.71661376953125e-05

0: 736x1280 300 icons, 12.9ms
Speed: 4.1ms preprocess, 12.9ms inference, 1.0ms postprocess per image at shape (1, 3, 736, 1280)
len(filtered_boxes): 285 96
time to get parsed content: 1.9788742065429688e-05

0: 736x1280 300 icons, 18.0ms
Speed: 4.1ms preprocess, 18.0ms inference, 1.0ms postprocess per image at shape (1, 3, 736, 1280)
len(filtered_boxes): 283 92
time to get parsed content: 1.5974044799804688e-05

0: 736x1280 300 icons, 26.3ms
Speed: 5.7ms preprocess, 26.3ms inference, 9.5ms postprocess per image at shape (1, 3, 736, 1280)
len(filtered_boxes): 285 92
time to get parsed content: 1.4066696166992188e-05

0: 736x1280 300 icons, 12.9ms
Speed: 4.1ms preprocess, 12.9ms inference, 1.0ms postprocess per image at shape (1, 3, 736, 1280)
len(filtered_boxes): 285 92
time to get parsed content: 1.2159347534179688e-05
100 frames, t=99.0s, 0.16 frames/s

0: 736x1280 300 icons, 12.9ms
Speed: 4.1ms preprocess, 12.9ms inference, 1.0ms postprocess per image at shape (1, 3, 736, 1280)
len(filtered_boxes): 282 91
time to get parsed content: 1.5497207641601562e-05

0: 736x1280 300 icons, 16.1ms
Speed: 4.3ms preprocess, 16.1ms inference, 4.2ms postprocess per image at shape (1, 3, 736, 1280)
len(filtered_boxes): 284 96
time to get parsed content: 1.6450881958007812e-05

0: 736x1280 300 icons, 16.9ms
Speed: 4.2ms preprocess, 16.9ms inference, 1.1ms postprocess per image at shape (1, 3, 736, 1280)
len(filtered_boxes): 282 93
time to get parsed content: 1.5974044799804688e-05

0: 736x1280 300 icons, 12.9ms
Speed: 4.1ms preprocess, 12.9ms inference, 1.2ms postprocess per image at shape (1, 3, 736, 1280)
len(filtered_boxes): 286 94
time to get parsed content: 1.7404556274414062e-05

0: 736x1280 300 icons, 12.9ms
Speed: 4.1ms preprocess, 12.9ms inference, 1.0ms postprocess per image at shape (1, 3, 736, 1280)
len(filtered_boxes): 288 92
time to get parsed content: 1.71661376953125e-05

0: 736x1280 300 icons, 16.3ms
Speed: 4.2ms preprocess, 16.3ms inference, 4.0ms postprocess per image at shape (1, 3, 736, 1280)
len(filtered_boxes): 306 101
time to get parsed content: 1.71661376953125e-05

0: 736x1280 300 icons, 12.9ms
Speed: 4.2ms preprocess, 12.9ms inference, 1.1ms postprocess per image at shape (1, 3, 736, 1280)
len(filtered_boxes): 283 95
time to get parsed content: 1.6450881958007812e-05

0: 736x1280 300 icons, 12.9ms
Speed: 4.1ms preprocess, 12.9ms inference, 1.0ms postprocess per image at shape (1, 3, 736, 1280)
len(filtered_boxes): 282 94
time to get parsed content: 1.6689300537109375e-05

0: 736x1280 300 icons, 12.9ms
Speed: 4.1ms preprocess, 12.9ms inference, 1.0ms postprocess per image at shape (1, 3, 736, 1280)
len(filtered_boxes): 279 91
time to get parsed content: 1.4781951904296875e-05

0: 736x1280 300 icons, 13.0ms
Speed: 5.5ms preprocess, 13.0ms inference, 1.1ms postprocess per image at shape (1, 3, 736, 1280)
len(filtered_boxes): 285 90
time to get parsed content: 1.6927719116210938e-05

0: 736x1280 300 icons, 12.9ms
Speed: 4.1ms preprocess, 12.9ms inference, 1.0ms postprocess per image at shape (1, 3, 736, 1280)
len(filtered_boxes): 285 92
time to get parsed content: 1.7404556274414062e-05

0: 736x1280 300 icons, 12.9ms
Speed: 4.2ms preprocess, 12.9ms inference, 1.0ms postprocess per image at shape (1, 3, 736, 1280)
len(filtered_boxes): 285 92
time to get parsed content: 1.6689300537109375e-05

0: 736x1280 300 icons, 12.9ms
Speed: 4.1ms preprocess, 12.9ms inference, 1.1ms postprocess per image at shape (1, 3, 736, 1280)
len(filtered_boxes): 289 93
time to get parsed content: 1.7404556274414062e-05

0: 736x1280 300 icons, 12.9ms
Speed: 4.1ms preprocess, 12.9ms inference, 1.0ms postprocess per image at shape (1, 3, 736, 1280)
len(filtered_boxes): 287 92
time to get parsed content: 1.6450881958007812e-05

0: 736x1280 300 icons, 16.3ms
Speed: 5.8ms preprocess, 16.3ms inference, 4.4ms postprocess per image at shape (1, 3, 736, 1280)
len(filtered_boxes): 285 94
time to get parsed content: 1.6689300537109375e-05

0: 736x1280 300 icons, 13.2ms
Speed: 4.2ms preprocess, 13.2ms inference, 1.2ms postprocess per image at shape (1, 3, 736, 1280)
len(filtered_boxes): 302 95
time to get parsed content: 1.621246337890625e-05

0: 736x1280 300 icons, 12.9ms
Speed: 4.3ms preprocess, 12.9ms inference, 1.0ms postprocess per image at shape (1, 3, 736, 1280)
len(filtered_boxes): 305 94
time to get parsed content: 1.5020370483398438e-05

0: 736x1280 300 icons, 12.9ms
Speed: 4.4ms preprocess, 12.9ms inference, 1.1ms postprocess per image at shape (1, 3, 736, 1280)
len(filtered_boxes): 305 94
time to get parsed content: 1.5020370483398438e-05

0: 736x1280 300 icons, 12.9ms
Speed: 4.3ms preprocess, 12.9ms inference, 1.1ms postprocess per image at shape (1, 3, 736, 1280)
len(filtered_boxes): 288 90
time to get parsed content: 1.5974044799804688e-05

0: 736x1280 300 icons, 12.9ms
Speed: 4.1ms preprocess, 12.9ms inference, 1.1ms postprocess per image at shape (1, 3, 736, 1280)
len(filtered_boxes): 287 93
time to get parsed content: 1.7881393432617188e-05

0: 736x1280 300 icons, 16.1ms
Speed: 4.1ms preprocess, 16.1ms inference, 1.1ms postprocess per image at shape (1, 3, 736, 1280)
len(filtered_boxes): 292 97
time to get parsed content: 2.0742416381835938e-05

0: 736x1280 300 icons, 12.9ms
Speed: 4.2ms preprocess, 12.9ms inference, 1.0ms postprocess per image at shape (1, 3, 736, 1280)
len(filtered_boxes): 282 92
time to get parsed content: 1.8358230590820312e-05

0: 736x1280 300 icons, 12.9ms
Speed: 4.3ms preprocess, 12.9ms inference, 1.2ms postprocess per image at shape (1, 3, 736, 1280)
len(filtered_boxes): 297 93
time to get parsed content: 1.5735626220703125e-05

0: 736x1280 300 icons, 18.0ms
Speed: 4.4ms preprocess, 18.0ms inference, 3.1ms postprocess per image at shape (1, 3, 736, 1280)
len(filtered_boxes): 283 92
time to get parsed content: 1.8358230590820312e-05

0: 736x1280 300 icons, 16.8ms
Speed: 4.2ms preprocess, 16.8ms inference, 1.0ms postprocess per image at shape (1, 3, 736, 1280)
len(filtered_boxes): 284 91
time to get parsed content: 1.6689300537109375e-05

0: 736x1280 300 icons, 12.9ms
Speed: 4.2ms preprocess, 12.9ms inference, 1.0ms postprocess per image at shape (1, 3, 736, 1280)
len(filtered_boxes): 288 93
time to get parsed content: 1.5497207641601562e-05

0: 736x1280 300 icons, 26.4ms
Speed: 4.5ms preprocess, 26.4ms inference, 9.5ms postprocess per image at shape (1, 3, 736, 1280)
len(filtered_boxes): 299 95
time to get parsed content: 1.4543533325195312e-05

0: 736x1280 300 icons, 12.9ms
Speed: 4.2ms preprocess, 12.9ms inference, 1.0ms postprocess per image at shape (1, 3, 736, 1280)
len(filtered_boxes): 281 90
time to get parsed content: 1.430511474609375e-05

0: 736x1280 300 icons, 12.9ms
Speed: 4.1ms preprocess, 12.9ms inference, 1.0ms postprocess per image at shape (1, 3, 736, 1280)
len(filtered_boxes): 299 93
time to get parsed content: 1.71661376953125e-05

0: 736x1280 300 icons, 12.9ms
Speed: 4.2ms preprocess, 12.9ms inference, 1.1ms postprocess per image at shape (1, 3, 736, 1280)
len(filtered_boxes): 289 96
time to get parsed content: 1.71661376953125e-05

0: 736x1280 300 icons, 12.9ms
Speed: 4.2ms preprocess, 12.9ms inference, 1.0ms postprocess per image at shape (1, 3, 736, 1280)
len(filtered_boxes): 285 94
time to get parsed content: 1.71661376953125e-05

0: 736x1280 300 icons, 12.9ms
Speed: 4.2ms preprocess, 12.9ms inference, 1.1ms postprocess per image at shape (1, 3, 736, 1280)
len(filtered_boxes): 290 96
time to get parsed content: 1.7881393432617188e-05

0: 736x1280 300 icons, 15.7ms
Speed: 4.3ms preprocess, 15.7ms inference, 4.2ms postprocess per image at shape (1, 3, 736, 1280)
len(filtered_boxes): 292 94
time to get parsed content: 1.71661376953125e-05

0: 736x1280 300 icons, 12.9ms
Speed: 4.1ms preprocess, 12.9ms inference, 1.0ms postprocess per image at shape (1, 3, 736, 1280)
len(filtered_boxes): 290 95
time to get parsed content: 1.7642974853515625e-05

0: 736x1280 300 icons, 12.9ms
Speed: 4.1ms preprocess, 12.9ms inference, 1.1ms postprocess per image at shape (1, 3, 736, 1280)
len(filtered_boxes): 290 96
time to get parsed content: 2.09808349609375e-05

0: 736x1280 300 icons, 12.9ms
Speed: 4.3ms preprocess, 12.9ms inference, 1.1ms postprocess per image at shape (1, 3, 736, 1280)
len(filtered_boxes): 289 88
time to get parsed content: 1.52587890625e-05

0: 736x1280 300 icons, 13.1ms
Speed: 4.1ms preprocess, 13.1ms inference, 1.1ms postprocess per image at shape (1, 3, 736, 1280)
len(filtered_boxes): 308 99
time to get parsed content: 1.6450881958007812e-05

0: 736x1280 300 icons, 12.9ms
Speed: 4.1ms preprocess, 12.9ms inference, 1.1ms postprocess per image at shape (1, 3, 736, 1280)
len(filtered_boxes): 311 101
time to get parsed content: 1.71661376953125e-05

0: 736x1280 300 icons, 12.9ms
Speed: 4.2ms preprocess, 12.9ms inference, 1.1ms postprocess per image at shape (1, 3, 736, 1280)
len(filtered_boxes): 288 95
time to get parsed content: 1.71661376953125e-05

0: 736x1280 300 icons, 18.0ms
Speed: 4.2ms preprocess, 18.0ms inference, 3.1ms postprocess per image at shape (1, 3, 736, 1280)
len(filtered_boxes): 284 88
time to get parsed content: 1.6689300537109375e-05

0: 736x1280 300 icons, 15.6ms
Speed: 4.1ms preprocess, 15.6ms inference, 4.2ms postprocess per image at shape (1, 3, 736, 1280)
len(filtered_boxes): 304 99
time to get parsed content: 1.811981201171875e-05

0: 736x1280 246 icons, 16.5ms
Speed: 4.2ms preprocess, 16.5ms inference, 4.2ms postprocess per image at shape (1, 3, 736, 1280)
len(filtered_boxes): 260 86
time to get parsed content: 1.4543533325195312e-05

0: 736x1280 241 icons, 12.9ms
Speed: 4.1ms preprocess, 12.9ms inference, 1.0ms postprocess per image at shape (1, 3, 736, 1280)
len(filtered_boxes): 256 85
time to get parsed content: 1.33514404296875e-05

0: 736x1280 236 icons, 12.9ms
Speed: 4.2ms preprocess, 12.9ms inference, 1.0ms postprocess per image at shape (1, 3, 736, 1280)
len(filtered_boxes): 254 87
time to get parsed content: 1.3589859008789062e-05

0: 736x1280 241 icons, 12.9ms
Speed: 4.3ms preprocess, 12.9ms inference, 1.0ms postprocess per image at shape (1, 3, 736, 1280)
len(filtered_boxes): 257 83
time to get parsed content: 1.3828277587890625e-05

0: 736x1280 237 icons, 16.0ms
Speed: 4.4ms preprocess, 16.0ms inference, 3.6ms postprocess per image at shape (1, 3, 736, 1280)
len(filtered_boxes): 255 80
time to get parsed content: 1.3589859008789062e-05

0: 736x1280 239 icons, 12.9ms
Speed: 4.1ms preprocess, 12.9ms inference, 1.0ms postprocess per image at shape (1, 3, 736, 1280)
len(filtered_boxes): 259 87
time to get parsed content: 1.4781951904296875e-05

0: 736x1280 238 icons, 12.9ms
Speed: 4.1ms preprocess, 12.9ms inference, 1.0ms postprocess per image at shape (1, 3, 736, 1280)
len(filtered_boxes): 253 85
time to get parsed content: 1.4066696166992188e-05

0: 736x1280 240 icons, 12.9ms
Speed: 4.1ms preprocess, 12.9ms inference, 1.0ms postprocess per image at shape (1, 3, 736, 1280)
len(filtered_boxes): 253 83
time to get parsed content: 1.430511474609375e-05

0: 736x1280 243 icons, 16.3ms
Speed: 4.2ms preprocess, 16.3ms inference, 4.2ms postprocess per image at shape (1, 3, 736, 1280)
len(filtered_boxes): 257 85
time to get parsed content: 1.3589859008789062e-05
150 frames, t=149.0s, 0.18 frames/s

0: 736x1280 240 icons, 15.4ms
Speed: 4.2ms preprocess, 15.4ms inference, 4.2ms postprocess per image at shape (1, 3, 736, 1280)
len(filtered_boxes): 256 87
time to get parsed content: 1.4543533325195312e-05

0: 736x1280 241 icons, 12.9ms
Speed: 4.2ms preprocess, 12.9ms inference, 1.0ms postprocess per image at shape (1, 3, 736, 1280)
len(filtered_boxes): 259 88
time to get parsed content: 1.4066696166992188e-05

0: 736x1280 239 icons, 12.9ms
Speed: 4.3ms preprocess, 12.9ms inference, 1.0ms postprocess per image at shape (1, 3, 736, 1280)
len(filtered_boxes): 257 89
time to get parsed content: 1.33514404296875e-05

0: 736x1280 245 icons, 15.6ms
Speed: 4.2ms preprocess, 15.6ms inference, 4.0ms postprocess per image at shape (1, 3, 736, 1280)
len(filtered_boxes): 249 78
time to get parsed content: 1.3113021850585938e-05

0: 736x1280 248 icons, 12.9ms
Speed: 4.1ms preprocess, 12.9ms inference, 1.0ms postprocess per image at shape (1, 3, 736, 1280)
len(filtered_boxes): 250 78
time to get parsed content: 1.2874603271484375e-05

0: 736x1280 237 icons, 16.5ms
Speed: 6.1ms preprocess, 16.5ms inference, 4.2ms postprocess per image at shape (1, 3, 736, 1280)
len(filtered_boxes): 243 78
time to get parsed content: 1.33514404296875e-05

0: 736x1280 237 icons, 12.9ms
Speed: 4.1ms preprocess, 12.9ms inference, 1.0ms postprocess per image at shape (1, 3, 736, 1280)
len(filtered_boxes): 242 73
time to get parsed content: 1.3113021850585938e-05

0: 736x1280 254 icons, 12.9ms
Speed: 4.1ms preprocess, 12.9ms inference, 1.0ms postprocess per image at shape (1, 3, 736, 1280)
len(filtered_boxes): 260 78
time to get parsed content: 1.3828277587890625e-05

0: 736x1280 252 icons, 13.1ms
Speed: 4.2ms preprocess, 13.1ms inference, 1.0ms postprocess per image at shape (1, 3, 736, 1280)
len(filtered_boxes): 262 79
time to get parsed content: 1.3113021850585938e-05

0: 736x1280 252 icons, 12.9ms
Speed: 4.1ms preprocess, 12.9ms inference, 1.0ms postprocess per image at shape (1, 3, 736, 1280)
len(filtered_boxes): 259 80
time to get parsed content: 1.3589859008789062e-05

0: 736x1280 223 icons, 13.4ms
Speed: 4.3ms preprocess, 13.4ms inference, 1.2ms postprocess per image at shape (1, 3, 736, 1280)
len(filtered_boxes): 228 66
time to get parsed content: 1.0013580322265625e-05

0: 736x1280 225 icons, 18.3ms
Speed: 4.1ms preprocess, 18.3ms inference, 4.0ms postprocess per image at shape (1, 3, 736, 1280)
len(filtered_boxes): 230 67
time to get parsed content: 1.239776611328125e-05

0: 736x1280 232 icons, 17.9ms
Speed: 4.2ms preprocess, 17.9ms inference, 4.6ms postprocess per image at shape (1, 3, 736, 1280)
len(filtered_boxes): 240 75
time to get parsed content: 1.239776611328125e-05

0: 736x1280 220 icons, 13.2ms
Speed: 4.5ms preprocess, 13.2ms inference, 1.0ms postprocess per image at shape (1, 3, 736, 1280)
len(filtered_boxes): 226 62
time to get parsed content: 1.2159347534179688e-05

0: 736x1280 227 icons, 12.9ms
Speed: 4.1ms preprocess, 12.9ms inference, 1.0ms postprocess per image at shape (1, 3, 736, 1280)
len(filtered_boxes): 234 65
time to get parsed content: 1.2159347534179688e-05

0: 736x1280 229 icons, 12.9ms
Speed: 4.2ms preprocess, 12.9ms inference, 1.0ms postprocess per image at shape (1, 3, 736, 1280)
len(filtered_boxes): 236 69
time to get parsed content: 1.2874603271484375e-05

0: 736x1280 236 icons, 12.9ms
Speed: 4.2ms preprocess, 12.9ms inference, 1.0ms postprocess per image at shape (1, 3, 736, 1280)
len(filtered_boxes): 245 75
time to get parsed content: 1.1920928955078125e-05

0: 736x1280 237 icons, 12.9ms
Speed: 4.2ms preprocess, 12.9ms inference, 1.0ms postprocess per image at shape (1, 3, 736, 1280)
len(filtered_boxes): 244 71
time to get parsed content: 1.239776611328125e-05

0: 736x1280 238 icons, 12.9ms
Speed: 4.1ms preprocess, 12.9ms inference, 1.0ms postprocess per image at shape (1, 3, 736, 1280)
len(filtered_boxes): 245 73
time to get parsed content: 1.2636184692382812e-05

0: 736x1280 238 icons, 12.9ms
Speed: 4.1ms preprocess, 12.9ms inference, 1.0ms postprocess per image at shape (1, 3, 736, 1280)
len(filtered_boxes): 246 71
time to get parsed content: 1.430511474609375e-05

0: 736x1280 238 icons, 12.9ms
Speed: 4.5ms preprocess, 12.9ms inference, 1.0ms postprocess per image at shape (1, 3, 736, 1280)
len(filtered_boxes): 242 76
time to get parsed content: 1.1920928955078125e-05

0: 736x1280 238 icons, 12.9ms
Speed: 4.1ms preprocess, 12.9ms inference, 1.0ms postprocess per image at shape (1, 3, 736, 1280)
len(filtered_boxes): 245 74
time to get parsed content: 1.1205673217773438e-05

0: 736x1280 236 icons, 12.9ms
Speed: 4.2ms preprocess, 12.9ms inference, 1.0ms postprocess per image at shape (1, 3, 736, 1280)
len(filtered_boxes): 243 73
time to get parsed content: 1.4066696166992188e-05

0: 736x1280 237 icons, 12.9ms
Speed: 4.1ms preprocess, 12.9ms inference, 1.0ms postprocess per image at shape (1, 3, 736, 1280)
len(filtered_boxes): 243 72
time to get parsed content: 1.1920928955078125e-05

0: 736x1280 237 icons, 12.9ms
Speed: 4.1ms preprocess, 12.9ms inference, 1.0ms postprocess per image at shape (1, 3, 736, 1280)
len(filtered_boxes): 244 73
time to get parsed content: 1.1444091796875e-05

0: 736x1280 235 icons, 12.9ms
Speed: 4.1ms preprocess, 12.9ms inference, 1.0ms postprocess per image at shape (1, 3, 736, 1280)
len(filtered_boxes): 247 72
time to get parsed content: 1.3589859008789062e-05

0: 736x1280 230 icons, 12.9ms
Speed: 4.1ms preprocess, 12.9ms inference, 1.0ms postprocess per image at shape (1, 3, 736, 1280)
len(filtered_boxes): 242 73
time to get parsed content: 1.2874603271484375e-05

0: 736x1280 227 icons, 16.0ms
Speed: 4.2ms preprocess, 16.0ms inference, 3.6ms postprocess per image at shape (1, 3, 736, 1280)
len(filtered_boxes): 238 72
time to get parsed content: 1.33514404296875e-05

0: 736x1280 228 icons, 12.9ms
Speed: 4.1ms preprocess, 12.9ms inference, 1.0ms postprocess per image at shape (1, 3, 736, 1280)
len(filtered_boxes): 242 71
time to get parsed content: 1.2636184692382812e-05

0: 736x1280 231 icons, 17.9ms
Speed: 4.2ms preprocess, 17.9ms inference, 3.0ms postprocess per image at shape (1, 3, 736, 1280)
len(filtered_boxes): 239 73
time to get parsed content: 1.2874603271484375e-05

0: 736x1280 227 icons, 12.9ms
Speed: 4.2ms preprocess, 12.9ms inference, 1.0ms postprocess per image at shape (1, 3, 736, 1280)
len(filtered_boxes): 232 72
time to get parsed content: 1.430511474609375e-05

0: 736x1280 233 icons, 15.6ms
Speed: 4.1ms preprocess, 15.6ms inference, 4.1ms postprocess per image at shape (1, 3, 736, 1280)
len(filtered_boxes): 238 73
time to get parsed content: 1.4066696166992188e-05

0: 736x1280 232 icons, 12.9ms
Speed: 4.1ms preprocess, 12.9ms inference, 1.0ms postprocess per image at shape (1, 3, 736, 1280)
len(filtered_boxes): 237 73
time to get parsed content: 1.3589859008789062e-05

0: 736x1280 232 icons, 12.9ms
Speed: 4.2ms preprocess, 12.9ms inference, 1.0ms postprocess per image at shape (1, 3, 736, 1280)
len(filtered_boxes): 239 75
time to get parsed content: 1.4066696166992188e-05

0: 736x1280 233 icons, 12.9ms
Speed: 4.1ms preprocess, 12.9ms inference, 1.0ms postprocess per image at shape (1, 3, 736, 1280)
len(filtered_boxes): 240 73
time to get parsed content: 1.430511474609375e-05

0: 736x1280 227 icons, 12.9ms
Speed: 4.1ms preprocess, 12.9ms inference, 1.0ms postprocess per image at shape (1, 3, 736, 1280)
len(filtered_boxes): 236 74
time to get parsed content: 1.3113021850585938e-05

0: 736x1280 231 icons, 12.9ms
Speed: 4.1ms preprocess, 12.9ms inference, 1.0ms postprocess per image at shape (1, 3, 736, 1280)
len(filtered_boxes): 245 71
time to get parsed content: 1.33514404296875e-05

0: 736x1280 259 icons, 16.2ms
Speed: 4.1ms preprocess, 16.2ms inference, 4.1ms postprocess per image at shape (1, 3, 736, 1280)
len(filtered_boxes): 240 71
time to get parsed content: 1.1205673217773438e-05

0: 736x1280 259 icons, 15.4ms
Speed: 4.2ms preprocess, 15.4ms inference, 4.3ms postprocess per image at shape (1, 3, 736, 1280)
len(filtered_boxes): 247 72
time to get parsed content: 1.239776611328125e-05

0: 736x1280 260 icons, 12.9ms
Speed: 4.1ms preprocess, 12.9ms inference, 1.0ms postprocess per image at shape (1, 3, 736, 1280)
len(filtered_boxes): 242 72
time to get parsed content: 1.3113021850585938e-05

0: 736x1280 264 icons, 12.9ms
Speed: 4.2ms preprocess, 12.9ms inference, 1.0ms postprocess per image at shape (1, 3, 736, 1280)
len(filtered_boxes): 242 65
time to get parsed content: 1.239776611328125e-05

0: 736x1280 264 icons, 12.9ms
Speed: 4.1ms preprocess, 12.9ms inference, 1.0ms postprocess per image at shape (1, 3, 736, 1280)
len(filtered_boxes): 244 66
time to get parsed content: 1.3113021850585938e-05

0: 736x1280 264 icons, 12.9ms
Speed: 4.1ms preprocess, 12.9ms inference, 1.0ms postprocess per image at shape (1, 3, 736, 1280)
len(filtered_boxes): 245 70
time to get parsed content: 1.239776611328125e-05

0: 736x1280 262 icons, 12.9ms
Speed: 4.2ms preprocess, 12.9ms inference, 1.0ms postprocess per image at shape (1, 3, 736, 1280)
len(filtered_boxes): 241 68
time to get parsed content: 1.2159347534179688e-05

0: 736x1280 263 icons, 26.4ms
Speed: 4.7ms preprocess, 26.4ms inference, 9.5ms postprocess per image at shape (1, 3, 736, 1280)
len(filtered_boxes): 240 68
time to get parsed content: 1.1444091796875e-05

0: 736x1280 261 icons, 12.9ms
Speed: 4.1ms preprocess, 12.9ms inference, 1.0ms postprocess per image at shape (1, 3, 736, 1280)
len(filtered_boxes): 235 69
time to get parsed content: 1.1444091796875e-05

0: 736x1280 272 icons, 12.9ms
Speed: 4.1ms preprocess, 12.9ms inference, 1.0ms postprocess per image at shape (1, 3, 736, 1280)
len(filtered_boxes): 248 63
time to get parsed content: 1.2874603271484375e-05

0: 736x1280 267 icons, 12.9ms
Speed: 4.2ms preprocess, 12.9ms inference, 1.0ms postprocess per image at shape (1, 3, 736, 1280)
len(filtered_boxes): 244 71
time to get parsed content: 1.33514404296875e-05

0: 736x1280 259 icons, 12.9ms
Speed: 4.2ms preprocess, 12.9ms inference, 1.0ms postprocess per image at shape (1, 3, 736, 1280)
len(filtered_boxes): 237 69
time to get parsed content: 1.1920928955078125e-05

0: 736x1280 260 icons, 12.9ms
Speed: 4.1ms preprocess, 12.9ms inference, 1.0ms postprocess per image at shape (1, 3, 736, 1280)
len(filtered_boxes): 238 69
time to get parsed content: 1.2636184692382812e-05
200 frames, t=199.0s, 0.19 frames/s

0: 736x1280 260 icons, 17.9ms
Speed: 4.6ms preprocess, 17.9ms inference, 4.6ms postprocess per image at shape (1, 3, 736, 1280)
len(filtered_boxes): 239 68
time to get parsed content: 1.2636184692382812e-05

0: 736x1280 263 icons, 12.9ms
Speed: 4.2ms preprocess, 12.9ms inference, 1.0ms postprocess per image at shape (1, 3, 736, 1280)
len(filtered_boxes): 241 68
time to get parsed content: 1.239776611328125e-05

0: 736x1280 263 icons, 12.9ms
Speed: 4.3ms preprocess, 12.9ms inference, 1.0ms postprocess per image at shape (1, 3, 736, 1280)
len(filtered_boxes): 240 69
time to get parsed content: 1.239776611328125e-05

0: 736x1280 261 icons, 12.9ms
Speed: 4.1ms preprocess, 12.9ms inference, 1.0ms postprocess per image at shape (1, 3, 736, 1280)
len(filtered_boxes): 240 71
time to get parsed content: 1.33514404296875e-05

0: 736x1280 261 icons, 12.9ms
Speed: 4.1ms preprocess, 12.9ms inference, 1.0ms postprocess per image at shape (1, 3, 736, 1280)
len(filtered_boxes): 239 69
time to get parsed content: 1.4543533325195312e-05

0: 736x1280 268 icons, 18.2ms
Speed: 4.1ms preprocess, 18.2ms inference, 4.6ms postprocess per image at shape (1, 3, 736, 1280)
len(filtered_boxes): 247 67
time to get parsed content: 1.1682510375976562e-05

0: 736x1280 270 icons, 18.0ms
Speed: 4.0ms preprocess, 18.0ms inference, 4.7ms postprocess per image at shape (1, 3, 736, 1280)
len(filtered_boxes): 249 67
time to get parsed content: 1.1920928955078125e-05

0: 736x1280 270 icons, 12.9ms
Speed: 4.1ms preprocess, 12.9ms inference, 1.0ms postprocess per image at shape (1, 3, 736, 1280)
len(filtered_boxes): 250 68
time to get parsed content: 1.1682510375976562e-05

0: 736x1280 269 icons, 12.9ms
Speed: 4.3ms preprocess, 12.9ms inference, 1.0ms postprocess per image at shape (1, 3, 736, 1280)
len(filtered_boxes): 249 66
time to get parsed content: 1.1920928955078125e-05

0: 736x1280 265 icons, 12.9ms
Speed: 4.1ms preprocess, 12.9ms inference, 1.0ms postprocess per image at shape (1, 3, 736, 1280)
len(filtered_boxes): 247 68
time to get parsed content: 1.2874603271484375e-05

0: 736x1280 258 icons, 18.0ms
Speed: 4.1ms preprocess, 18.0ms inference, 4.6ms postprocess per image at shape (1, 3, 736, 1280)
len(filtered_boxes): 236 68
time to get parsed content: 1.1682510375976562e-05

0: 736x1280 259 icons, 12.9ms
Speed: 4.1ms preprocess, 12.9ms inference, 1.0ms postprocess per image at shape (1, 3, 736, 1280)
len(filtered_boxes): 238 69
time to get parsed content: 1.3113021850585938e-05

0: 736x1280 252 icons, 17.8ms
Speed: 4.1ms preprocess, 17.8ms inference, 4.6ms postprocess per image at shape (1, 3, 736, 1280)
len(filtered_boxes): 233 64
time to get parsed content: 1.1682510375976562e-05

0: 736x1280 259 icons, 12.9ms
Speed: 4.5ms preprocess, 12.9ms inference, 1.0ms postprocess per image at shape (1, 3, 736, 1280)
len(filtered_boxes): 236 62
time to get parsed content: 1.2636184692382812e-05

0: 736x1280 265 icons, 12.9ms
Speed: 4.3ms preprocess, 12.9ms inference, 1.0ms postprocess per image at shape (1, 3, 736, 1280)
len(filtered_boxes): 240 68
time to get parsed content: 1.1682510375976562e-05

0: 736x1280 265 icons, 12.9ms
Speed: 4.2ms preprocess, 12.9ms inference, 1.0ms postprocess per image at shape (1, 3, 736, 1280)
len(filtered_boxes): 243 65
time to get parsed content: 1.2159347534179688e-05

0: 736x1280 256 icons, 16.5ms
Speed: 4.9ms preprocess, 16.5ms inference, 4.2ms postprocess per image at shape (1, 3, 736, 1280)
len(filtered_boxes): 243 62
time to get parsed content: 1.0967254638671875e-05

0: 736x1280 269 icons, 17.9ms
Speed: 4.1ms preprocess, 17.9ms inference, 3.0ms postprocess per image at shape (1, 3, 736, 1280)
len(filtered_boxes): 246 64
time to get parsed content: 1.1444091796875e-05

0: 736x1280 266 icons, 12.9ms
Speed: 4.1ms preprocess, 12.9ms inference, 1.0ms postprocess per image at shape (1, 3, 736, 1280)
len(filtered_boxes): 241 64
time to get parsed content: 1.239776611328125e-05

0: 736x1280 274 icons, 12.9ms
Speed: 4.1ms preprocess, 12.9ms inference, 1.0ms postprocess per image at shape (1, 3, 736, 1280)
len(filtered_boxes): 252 69
time to get parsed content: 1.1444091796875e-05

0: 736x1280 273 icons, 12.9ms
Speed: 4.1ms preprocess, 12.9ms inference, 1.0ms postprocess per image at shape (1, 3, 736, 1280)
len(filtered_boxes): 248 70
time to get parsed content: 1.239776611328125e-05

0: 736x1280 272 icons, 12.9ms
Speed: 4.2ms preprocess, 12.9ms inference, 1.0ms postprocess per image at shape (1, 3, 736, 1280)
len(filtered_boxes): 246 69
time to get parsed content: 1.2874603271484375e-05

0: 736x1280 270 icons, 12.9ms
Speed: 4.2ms preprocess, 12.9ms inference, 1.0ms postprocess per image at shape (1, 3, 736, 1280)
len(filtered_boxes): 246 70
time to get parsed content: 4.5299530029296875e-05

0: 736x1280 300 icons, 12.9ms
Speed: 4.5ms preprocess, 12.9ms inference, 1.1ms postprocess per image at shape (1, 3, 736, 1280)
len(filtered_boxes): 278 95
time to get parsed content: 1.7404556274414062e-05

0: 736x1280 300 icons, 12.9ms
Speed: 4.1ms preprocess, 12.9ms inference, 1.1ms postprocess per image at shape (1, 3, 736, 1280)
len(filtered_boxes): 283 95
time to get parsed content: 1.4066696166992188e-05

0: 736x1280 300 icons, 12.9ms
Speed: 4.1ms preprocess, 12.9ms inference, 1.0ms postprocess per image at shape (1, 3, 736, 1280)
len(filtered_boxes): 287 94
time to get parsed content: 1.621246337890625e-05

0: 736x1280 300 icons, 12.9ms
Speed: 4.1ms preprocess, 12.9ms inference, 1.1ms postprocess per image at shape (1, 3, 736, 1280)
len(filtered_boxes): 280 94
time to get parsed content: 1.5735626220703125e-05

0: 736x1280 300 icons, 17.9ms
Speed: 4.1ms preprocess, 17.9ms inference, 3.1ms postprocess per image at shape (1, 3, 736, 1280)
len(filtered_boxes): 284 93
time to get parsed content: 1.621246337890625e-05

0: 736x1280 300 icons, 12.9ms
Speed: 4.3ms preprocess, 12.9ms inference, 1.0ms postprocess per image at shape (1, 3, 736, 1280)
len(filtered_boxes): 281 93
time to get parsed content: 1.71661376953125e-05

0: 736x1280 300 icons, 17.8ms
Speed: 4.1ms preprocess, 17.8ms inference, 4.6ms postprocess per image at shape (1, 3, 736, 1280)
len(filtered_boxes): 283 93
time to get parsed content: 1.7881393432617188e-05

0: 736x1280 300 icons, 12.9ms
Speed: 4.1ms preprocess, 12.9ms inference, 1.1ms postprocess per image at shape (1, 3, 736, 1280)
len(filtered_boxes): 282 94
time to get parsed content: 1.6927719116210938e-05

0: 736x1280 300 icons, 18.0ms
Speed: 4.1ms preprocess, 18.0ms inference, 4.6ms postprocess per image at shape (1, 3, 736, 1280)
len(filtered_boxes): 280 93
time to get parsed content: 1.811981201171875e-05

0: 736x1280 300 icons, 12.9ms
Speed: 4.1ms preprocess, 12.9ms inference, 1.0ms postprocess per image at shape (1, 3, 736, 1280)
len(filtered_boxes): 280 94
time to get parsed content: 1.6689300537109375e-05

0: 736x1280 300 icons, 13.6ms
Speed: 4.2ms preprocess, 13.6ms inference, 2.0ms postprocess per image at shape (1, 3, 736, 1280)
len(filtered_boxes): 282 93
time to get parsed content: 1.7642974853515625e-05

0: 736x1280 300 icons, 12.9ms
Speed: 4.1ms preprocess, 12.9ms inference, 1.0ms postprocess per image at shape (1, 3, 736, 1280)
len(filtered_boxes): 281 92
time to get parsed content: 1.9550323486328125e-05

0: 736x1280 300 icons, 12.9ms
Speed: 4.5ms preprocess, 12.9ms inference, 1.0ms postprocess per image at shape (1, 3, 736, 1280)
len(filtered_boxes): 284 91
time to get parsed content: 1.71661376953125e-05

0: 736x1280 300 icons, 12.9ms
Speed: 4.1ms preprocess, 12.9ms inference, 1.0ms postprocess per image at shape (1, 3, 736, 1280)
len(filtered_boxes): 279 89
time to get parsed content: 1.6450881958007812e-05

0: 736x1280 300 icons, 12.9ms
Speed: 4.5ms preprocess, 12.9ms inference, 1.1ms postprocess per image at shape (1, 3, 736, 1280)
len(filtered_boxes): 279 90
time to get parsed content: 1.6927719116210938e-05

0: 736x1280 300 icons, 12.9ms
Speed: 4.1ms preprocess, 12.9ms inference, 1.0ms postprocess per image at shape (1, 3, 736, 1280)
len(filtered_boxes): 282 92
time to get parsed content: 2.2649765014648438e-05

0: 736x1280 300 icons, 12.9ms
Speed: 4.2ms preprocess, 12.9ms inference, 1.0ms postprocess per image at shape (1, 3, 736, 1280)
len(filtered_boxes): 280 92
time to get parsed content: 1.9788742065429688e-05

0: 736x1280 300 icons, 13.4ms
Speed: 4.2ms preprocess, 13.4ms inference, 1.2ms postprocess per image at shape (1, 3, 736, 1280)
len(filtered_boxes): 282 97
time to get parsed content: 1.7404556274414062e-05

0: 736x1280 300 icons, 12.9ms
Speed: 4.1ms preprocess, 12.9ms inference, 1.0ms postprocess per image at shape (1, 3, 736, 1280)
len(filtered_boxes): 282 91
time to get parsed content: 1.6689300537109375e-05

0: 736x1280 300 icons, 12.9ms
Speed: 4.1ms preprocess, 12.9ms inference, 1.0ms postprocess per image at shape (1, 3, 736, 1280)
len(filtered_boxes): 280 90
time to get parsed content: 1.5974044799804688e-05

0: 736x1280 300 icons, 12.9ms
Speed: 4.5ms preprocess, 12.9ms inference, 1.1ms postprocess per image at shape (1, 3, 736, 1280)
len(filtered_boxes): 284 92
time to get parsed content: 1.5735626220703125e-05

0: 736x1280 300 icons, 12.9ms
Speed: 4.1ms preprocess, 12.9ms inference, 1.1ms postprocess per image at shape (1, 3, 736, 1280)
len(filtered_boxes): 282 89
time to get parsed content: 1.4066696166992188e-05

0: 736x1280 300 icons, 12.9ms
Speed: 4.1ms preprocess, 12.9ms inference, 1.0ms postprocess per image at shape (1, 3, 736, 1280)
len(filtered_boxes): 284 90
time to get parsed content: 1.5974044799804688e-05

0: 736x1280 300 icons, 12.9ms
Speed: 4.1ms preprocess, 12.9ms inference, 1.1ms postprocess per image at shape (1, 3, 736, 1280)
len(filtered_boxes): 277 92
time to get parsed content: 1.7404556274414062e-05

0: 736x1280 300 icons, 12.9ms
Speed: 4.1ms preprocess, 12.9ms inference, 1.1ms postprocess per image at shape (1, 3, 736, 1280)
len(filtered_boxes): 285 92
time to get parsed content: 1.6927719116210938e-05

0: 736x1280 300 icons, 12.9ms
Speed: 4.3ms preprocess, 12.9ms inference, 1.1ms postprocess per image at shape (1, 3, 736, 1280)
len(filtered_boxes): 280 91
time to get parsed content: 1.6450881958007812e-05

0: 736x1280 300 icons, 12.9ms
Speed: 4.2ms preprocess, 12.9ms inference, 1.1ms postprocess per image at shape (1, 3, 736, 1280)
len(filtered_boxes): 278 92
time to get parsed content: 1.4543533325195312e-05
250 frames, t=249.0s, 0.19 frames/s

0: 736x1280 300 icons, 12.9ms
Speed: 4.1ms preprocess, 12.9ms inference, 1.1ms postprocess per image at shape (1, 3, 736, 1280)
len(filtered_boxes): 277 95
time to get parsed content: 1.7881393432617188e-05

0: 736x1280 300 icons, 14.5ms
Speed: 4.1ms preprocess, 14.5ms inference, 4.5ms postprocess per image at shape (1, 3, 736, 1280)
len(filtered_boxes): 276 94
time to get parsed content: 1.6450881958007812e-05

0: 736x1280 300 icons, 12.9ms
Speed: 4.2ms preprocess, 12.9ms inference, 1.1ms postprocess per image at shape (1, 3, 736, 1280)
len(filtered_boxes): 274 94
time to get parsed content: 1.7404556274414062e-05

0: 736x1280 300 icons, 17.8ms
Speed: 4.2ms preprocess, 17.8ms inference, 2.7ms postprocess per image at shape (1, 3, 736, 1280)
len(filtered_boxes): 275 95
time to get parsed content: 1.7404556274414062e-05

0: 736x1280 300 icons, 12.9ms
Speed: 4.2ms preprocess, 12.9ms inference, 1.0ms postprocess per image at shape (1, 3, 736, 1280)
len(filtered_boxes): 274 96
time to get parsed content: 1.9073486328125e-05

0: 736x1280 300 icons, 12.9ms
Speed: 4.1ms preprocess, 12.9ms inference, 1.0ms postprocess per image at shape (1, 3, 736, 1280)
len(filtered_boxes): 277 94
time to get parsed content: 1.6450881958007812e-05

0: 736x1280 300 icons, 12.9ms
Speed: 4.1ms preprocess, 12.9ms inference, 1.1ms postprocess per image at shape (1, 3, 736, 1280)
len(filtered_boxes): 279 94
time to get parsed content: 1.71661376953125e-05

0: 736x1280 300 icons, 15.6ms
Speed: 4.1ms preprocess, 15.6ms inference, 4.2ms postprocess per image at shape (1, 3, 736, 1280)
len(filtered_boxes): 279 93
time to get parsed content: 1.621246337890625e-05

0: 736x1280 300 icons, 12.9ms
Speed: 4.1ms preprocess, 12.9ms inference, 1.0ms postprocess per image at shape (1, 3, 736, 1280)
len(filtered_boxes): 278 93
time to get parsed content: 1.6450881958007812e-05

0: 736x1280 300 icons, 12.9ms
Speed: 4.1ms preprocess, 12.9ms inference, 1.0ms postprocess per image at shape (1, 3, 736, 1280)
len(filtered_boxes): 278 92
time to get parsed content: 1.621246337890625e-05

0: 736x1280 300 icons, 12.9ms
Speed: 4.2ms preprocess, 12.9ms inference, 1.0ms postprocess per image at shape (1, 3, 736, 1280)
len(filtered_boxes): 277 95
time to get parsed content: 1.621246337890625e-05

0: 736x1280 300 icons, 12.9ms
Speed: 4.2ms preprocess, 12.9ms inference, 1.1ms postprocess per image at shape (1, 3, 736, 1280)
len(filtered_boxes): 277 94
time to get parsed content: 1.71661376953125e-05

0: 736x1280 300 icons, 12.9ms
Speed: 4.1ms preprocess, 12.9ms inference, 1.0ms postprocess per image at shape (1, 3, 736, 1280)
len(filtered_boxes): 279 94
time to get parsed content: 1.6689300537109375e-05

0: 736x1280 300 icons, 18.3ms
Speed: 4.1ms preprocess, 18.3ms inference, 4.4ms postprocess per image at shape (1, 3, 736, 1280)
len(filtered_boxes): 280 94
time to get parsed content: 1.7404556274414062e-05

0: 736x1280 300 icons, 13.2ms
Speed: 4.1ms preprocess, 13.2ms inference, 1.2ms postprocess per image at shape (1, 3, 736, 1280)
len(filtered_boxes): 280 93
time to get parsed content: 1.811981201171875e-05

0: 736x1280 300 icons, 16.5ms
Speed: 6.4ms preprocess, 16.5ms inference, 4.4ms postprocess per image at shape (1, 3, 736, 1280)
len(filtered_boxes): 279 92
time to get parsed content: 1.6450881958007812e-05

0: 736x1280 300 icons, 12.9ms
Speed: 4.2ms preprocess, 12.9ms inference, 1.0ms postprocess per image at shape (1, 3, 736, 1280)
len(filtered_boxes): 277 91
time to get parsed content: 1.71661376953125e-05

0: 736x1280 300 icons, 12.9ms
Speed: 4.2ms preprocess, 12.9ms inference, 1.1ms postprocess per image at shape (1, 3, 736, 1280)
len(filtered_boxes): 278 93
time to get parsed content: 1.5735626220703125e-05

0: 736x1280 300 icons, 12.9ms
Speed: 4.1ms preprocess, 12.9ms inference, 1.1ms postprocess per image at shape (1, 3, 736, 1280)
len(filtered_boxes): 282 94
time to get parsed content: 1.7881393432617188e-05

0: 736x1280 300 icons, 12.9ms
Speed: 4.2ms preprocess, 12.9ms inference, 1.1ms postprocess per image at shape (1, 3, 736, 1280)
len(filtered_boxes): 283 94
time to get parsed content: 1.7881393432617188e-05

0: 736x1280 300 icons, 13.8ms
Speed: 5.0ms preprocess, 13.8ms inference, 1.2ms postprocess per image at shape (1, 3, 736, 1280)
len(filtered_boxes): 281 92
time to get parsed content: 1.6927719116210938e-05

0: 736x1280 300 icons, 12.9ms
Speed: 4.1ms preprocess, 12.9ms inference, 1.0ms postprocess per image at shape (1, 3, 736, 1280)
len(filtered_boxes): 281 93
time to get parsed content: 1.3589859008789062e-05

0: 736x1280 300 icons, 12.9ms
Speed: 4.1ms preprocess, 12.9ms inference, 1.0ms postprocess per image at shape (1, 3, 736, 1280)
len(filtered_boxes): 283 91
time to get parsed content: 1.3828277587890625e-05

0: 736x1280 300 icons, 12.9ms
Speed: 4.2ms preprocess, 12.9ms inference, 1.1ms postprocess per image at shape (1, 3, 736, 1280)
len(filtered_boxes): 282 90
time to get parsed content: 1.5974044799804688e-05

0: 736x1280 261 icons, 12.9ms
Speed: 4.2ms preprocess, 12.9ms inference, 1.0ms postprocess per image at shape (1, 3, 736, 1280)
len(filtered_boxes): 241 67
time to get parsed content: 1.239776611328125e-05

0: 736x1280 265 icons, 18.2ms
Speed: 4.1ms preprocess, 18.2ms inference, 4.7ms postprocess per image at shape (1, 3, 736, 1280)
len(filtered_boxes): 242 65
time to get parsed content: 1.1920928955078125e-05

0: 736x1280 266 icons, 12.9ms
Speed: 4.0ms preprocess, 12.9ms inference, 1.0ms postprocess per image at shape (1, 3, 736, 1280)
len(filtered_boxes): 246 66
time to get parsed content: 1.239776611328125e-05

0: 736x1280 272 icons, 12.9ms
Speed: 4.3ms preprocess, 12.9ms inference, 1.0ms postprocess per image at shape (1, 3, 736, 1280)
len(filtered_boxes): 245 65
time to get parsed content: 1.3589859008789062e-05

0: 736x1280 266 icons, 12.9ms
Speed: 4.2ms preprocess, 12.9ms inference, 1.0ms postprocess per image at shape (1, 3, 736, 1280)
len(filtered_boxes): 244 65
time to get parsed content: 1.0967254638671875e-05

0: 736x1280 272 icons, 14.6ms
Speed: 4.1ms preprocess, 14.6ms inference, 4.4ms postprocess per image at shape (1, 3, 736, 1280)
len(filtered_boxes): 250 74
time to get parsed content: 1.1682510375976562e-05

0: 736x1280 268 icons, 12.9ms
Speed: 4.1ms preprocess, 12.9ms inference, 1.0ms postprocess per image at shape (1, 3, 736, 1280)
len(filtered_boxes): 246 64
time to get parsed content: 1.239776611328125e-05

0: 736x1280 265 icons, 18.1ms
Speed: 4.2ms preprocess, 18.1ms inference, 1.0ms postprocess per image at shape (1, 3, 736, 1280)
len(filtered_boxes): 245 65
time to get parsed content: 1.2636184692382812e-05

0: 736x1280 256 icons, 12.9ms
Speed: 4.1ms preprocess, 12.9ms inference, 1.0ms postprocess per image at shape (1, 3, 736, 1280)
len(filtered_boxes): 263 83
time to get parsed content: 1.3589859008789062e-05

0: 736x1280 250 icons, 12.9ms
Speed: 4.1ms preprocess, 12.9ms inference, 1.0ms postprocess per image at shape (1, 3, 736, 1280)
len(filtered_boxes): 230 58
time to get parsed content: 1.0728836059570312e-05

0: 736x1280 263 icons, 16.0ms
Speed: 4.4ms preprocess, 16.0ms inference, 4.2ms postprocess per image at shape (1, 3, 736, 1280)
len(filtered_boxes): 240 62
time to get parsed content: 1.0013580322265625e-05

0: 736x1280 267 icons, 12.9ms
Speed: 4.2ms preprocess, 12.9ms inference, 1.0ms postprocess per image at shape (1, 3, 736, 1280)
len(filtered_boxes): 247 70
time to get parsed content: 1.239776611328125e-05

0: 736x1280 262 icons, 16.5ms
Speed: 5.1ms preprocess, 16.5ms inference, 4.4ms postprocess per image at shape (1, 3, 736, 1280)
len(filtered_boxes): 238 68
time to get parsed content: 1.1682510375976562e-05

0: 736x1280 263 icons, 18.0ms
Speed: 4.1ms preprocess, 18.0ms inference, 4.6ms postprocess per image at shape (1, 3, 736, 1280)
len(filtered_boxes): 238 70
time to get parsed content: 1.239776611328125e-05

0: 736x1280 263 icons, 12.9ms
Speed: 4.1ms preprocess, 12.9ms inference, 1.0ms postprocess per image at shape (1, 3, 736, 1280)
len(filtered_boxes): 238 69
time to get parsed content: 1.1920928955078125e-05

0: 736x1280 263 icons, 15.4ms
Speed: 4.2ms preprocess, 15.4ms inference, 4.2ms postprocess per image at shape (1, 3, 736, 1280)
len(filtered_boxes): 238 69
time to get parsed content: 1.2874603271484375e-05

0: 736x1280 261 icons, 13.6ms
Speed: 4.2ms preprocess, 13.6ms inference, 2.0ms postprocess per image at shape (1, 3, 736, 1280)
len(filtered_boxes): 241 66
time to get parsed content: 1.1682510375976562e-05

0: 736x1280 262 icons, 12.9ms
Speed: 4.1ms preprocess, 12.9ms inference, 1.0ms postprocess per image at shape (1, 3, 736, 1280)
len(filtered_boxes): 241 66
time to get parsed content: 1.2159347534179688e-05

0: 736x1280 263 icons, 18.3ms
Speed: 4.1ms preprocess, 18.3ms inference, 4.2ms postprocess per image at shape (1, 3, 736, 1280)
len(filtered_boxes): 242 65
time to get parsed content: 1.2874603271484375e-05

0: 736x1280 261 icons, 16.6ms
Speed: 4.9ms preprocess, 16.6ms inference, 4.2ms postprocess per image at shape (1, 3, 736, 1280)
len(filtered_boxes): 240 69
time to get parsed content: 1.2636184692382812e-05

0: 736x1280 251 icons, 15.8ms
Speed: 4.1ms preprocess, 15.8ms inference, 4.0ms postprocess per image at shape (1, 3, 736, 1280)
len(filtered_boxes): 259 82
time to get parsed content: 1.2874603271484375e-05

0: 736x1280 255 icons, 12.9ms
Speed: 4.2ms preprocess, 12.9ms inference, 1.0ms postprocess per image at shape (1, 3, 736, 1280)
len(filtered_boxes): 256 69
time to get parsed content: 1.239776611328125e-05

0: 736x1280 247 icons, 12.9ms
Speed: 4.1ms preprocess, 12.9ms inference, 1.0ms postprocess per image at shape (1, 3, 736, 1280)
len(filtered_boxes): 258 75
time to get parsed content: 1.239776611328125e-05

0: 736x1280 258 icons, 14.5ms
Speed: 4.1ms preprocess, 14.5ms inference, 2.2ms postprocess per image at shape (1, 3, 736, 1280)
len(filtered_boxes): 239 64
time to get parsed content: 1.049041748046875e-05

0: 736x1280 260 icons, 15.5ms
Speed: 4.1ms preprocess, 15.5ms inference, 4.2ms postprocess per image at shape (1, 3, 736, 1280)
len(filtered_boxes): 238 62
time to get parsed content: 1.1205673217773438e-05

0: 736x1280 259 icons, 15.6ms
Speed: 4.1ms preprocess, 15.6ms inference, 4.1ms postprocess per image at shape (1, 3, 736, 1280)
len(filtered_boxes): 234 62
time to get parsed content: 1.0967254638671875e-05
300 frames, t=299.0s, 0.19 frames/s

0: 736x1280 300 icons, 18.0ms
Speed: 4.3ms preprocess, 18.0ms inference, 4.6ms postprocess per image at shape (1, 3, 736, 1280)
len(filtered_boxes): 306 103
time to get parsed content: 1.8835067749023438e-05

0: 736x1280 300 icons, 12.9ms
Speed: 4.1ms preprocess, 12.9ms inference, 1.0ms postprocess per image at shape (1, 3, 736, 1280)
len(filtered_boxes): 308 103
time to get parsed content: 1.6927719116210938e-05

0: 736x1280 300 icons, 12.9ms
Speed: 4.2ms preprocess, 12.9ms inference, 1.0ms postprocess per image at shape (1, 3, 736, 1280)
len(filtered_boxes): 307 102
time to get parsed content: 1.5974044799804688e-05

0: 736x1280 300 icons, 12.9ms
Speed: 4.1ms preprocess, 12.9ms inference, 1.0ms postprocess per image at shape (1, 3, 736, 1280)
len(filtered_boxes): 306 102
time to get parsed content: 1.7881393432617188e-05

0: 736x1280 300 icons, 18.1ms
Speed: 4.1ms preprocess, 18.1ms inference, 4.6ms postprocess per image at shape (1, 3, 736, 1280)
len(filtered_boxes): 307 103
time to get parsed content: 1.7404556274414062e-05

0: 736x1280 300 icons, 12.9ms
Speed: 4.1ms preprocess, 12.9ms inference, 1.1ms postprocess per image at shape (1, 3, 736, 1280)
len(filtered_boxes): 308 104
time to get parsed content: 1.7881393432617188e-05

0: 736x1280 300 icons, 12.9ms
Speed: 4.3ms preprocess, 12.9ms inference, 1.0ms postprocess per image at shape (1, 3, 736, 1280)
len(filtered_boxes): 306 104
time to get parsed content: 1.9073486328125e-05

0: 736x1280 300 icons, 16.6ms
Speed: 5.5ms preprocess, 16.6ms inference, 4.3ms postprocess per image at shape (1, 3, 736, 1280)
len(filtered_boxes): 307 106
time to get parsed content: 2.0265579223632812e-05

0: 736x1280 300 icons, 12.9ms
Speed: 4.1ms preprocess, 12.9ms inference, 1.0ms postprocess per image at shape (1, 3, 736, 1280)
len(filtered_boxes): 282 100
time to get parsed content: 1.7642974853515625e-05

0: 736x1280 300 icons, 12.9ms
Speed: 4.2ms preprocess, 12.9ms inference, 1.1ms postprocess per image at shape (1, 3, 736, 1280)
len(filtered_boxes): 285 99
time to get parsed content: 1.9311904907226562e-05

0: 736x1280 300 icons, 12.4ms
Speed: 4.3ms preprocess, 12.4ms inference, 1.2ms postprocess per image at shape (1, 3, 736, 1280)
len(filtered_boxes): 303 99
time to get parsed content: 1.5020370483398438e-05

0: 736x1280 300 icons, 13.1ms
Speed: 4.4ms preprocess, 13.1ms inference, 1.2ms postprocess per image at shape (1, 3, 736, 1280)
len(filtered_boxes): 287 102
time to get parsed content: 1.5497207641601562e-05

0: 736x1280 300 icons, 12.9ms
Speed: 4.1ms preprocess, 12.9ms inference, 1.1ms postprocess per image at shape (1, 3, 736, 1280)
len(filtered_boxes): 299 101
time to get parsed content: 1.621246337890625e-05

0: 736x1280 300 icons, 12.9ms
Speed: 4.1ms preprocess, 12.9ms inference, 1.1ms postprocess per image at shape (1, 3, 736, 1280)
len(filtered_boxes): 300 101
time to get parsed content: 1.8835067749023438e-05

0: 736x1280 300 icons, 12.9ms
Speed: 4.4ms preprocess, 12.9ms inference, 1.1ms postprocess per image at shape (1, 3, 736, 1280)
len(filtered_boxes): 301 101
time to get parsed content: 1.7642974853515625e-05

0: 736x1280 300 icons, 13.1ms
Speed: 5.5ms preprocess, 13.1ms inference, 1.1ms postprocess per image at shape (1, 3, 736, 1280)
len(filtered_boxes): 299 103
time to get parsed content: 1.8358230590820312e-05

0: 736x1280 277 icons, 12.9ms
Speed: 4.2ms preprocess, 12.9ms inference, 1.0ms postprocess per image at shape (1, 3, 736, 1280)
len(filtered_boxes): 248 68
time to get parsed content: 1.2874603271484375e-05

0: 736x1280 275 icons, 12.9ms
Speed: 4.1ms preprocess, 12.9ms inference, 1.0ms postprocess per image at shape (1, 3, 736, 1280)
len(filtered_boxes): 246 69
time to get parsed content: 1.1920928955078125e-05

0: 736x1280 276 icons, 12.9ms
Speed: 4.1ms preprocess, 12.9ms inference, 1.0ms postprocess per image at shape (1, 3, 736, 1280)
len(filtered_boxes): 251 74
time to get parsed content: 1.2874603271484375e-05

0: 736x1280 277 icons, 12.9ms
Speed: 4.0ms preprocess, 12.9ms inference, 1.0ms postprocess per image at shape (1, 3, 736, 1280)
len(filtered_boxes): 253 71
time to get parsed content: 1.33514404296875e-05

0: 736x1280 277 icons, 12.9ms
Speed: 4.1ms preprocess, 12.9ms inference, 1.0ms postprocess per image at shape (1, 3, 736, 1280)
len(filtered_boxes): 260 68
time to get parsed content: 1.3828277587890625e-05

0: 736x1280 279 icons, 12.9ms
Speed: 4.1ms preprocess, 12.9ms inference, 1.0ms postprocess per image at shape (1, 3, 736, 1280)
len(filtered_boxes): 261 68
time to get parsed content: 1.239776611328125e-05

0: 736x1280 276 icons, 18.2ms
Speed: 4.1ms preprocess, 18.2ms inference, 4.3ms postprocess per image at shape (1, 3, 736, 1280)
len(filtered_boxes): 260 68
time to get parsed content: 1.52587890625e-05

0: 736x1280 278 icons, 12.9ms
Speed: 4.1ms preprocess, 12.9ms inference, 1.0ms postprocess per image at shape (1, 3, 736, 1280)
len(filtered_boxes): 261 69
time to get parsed content: 1.1920928955078125e-05

0: 736x1280 277 icons, 12.9ms
Speed: 4.1ms preprocess, 12.9ms inference, 1.0ms postprocess per image at shape (1, 3, 736, 1280)
len(filtered_boxes): 257 67
time to get parsed content: 1.3113021850585938e-05

0: 736x1280 271 icons, 18.0ms
Speed: 4.2ms preprocess, 18.0ms inference, 4.7ms postprocess per image at shape (1, 3, 736, 1280)
len(filtered_boxes): 255 69
time to get parsed content: 1.3113021850585938e-05

0: 736x1280 274 icons, 12.9ms
Speed: 4.1ms preprocess, 12.9ms inference, 1.0ms postprocess per image at shape (1, 3, 736, 1280)
len(filtered_boxes): 256 69
time to get parsed content: 1.3113021850585938e-05

0: 736x1280 272 icons, 12.9ms
Speed: 4.3ms preprocess, 12.9ms inference, 1.0ms postprocess per image at shape (1, 3, 736, 1280)
len(filtered_boxes): 255 68
time to get parsed content: 1.2874603271484375e-05

0: 736x1280 270 icons, 16.1ms
Speed: 4.4ms preprocess, 16.1ms inference, 4.0ms postprocess per image at shape (1, 3, 736, 1280)
len(filtered_boxes): 254 66
time to get parsed content: 1.0967254638671875e-05

0: 736x1280 271 icons, 12.9ms
Speed: 4.1ms preprocess, 12.9ms inference, 1.0ms postprocess per image at shape (1, 3, 736, 1280)
len(filtered_boxes): 252 69
time to get parsed content: 1.1682510375976562e-05

0: 736x1280 276 icons, 12.9ms
Speed: 4.1ms preprocess, 12.9ms inference, 1.0ms postprocess per image at shape (1, 3, 736, 1280)
len(filtered_boxes): 264 69
time to get parsed content: 1.33514404296875e-05

0: 736x1280 275 icons, 16.0ms
Speed: 4.1ms preprocess, 16.0ms inference, 4.0ms postprocess per image at shape (1, 3, 736, 1280)
len(filtered_boxes): 255 64
time to get parsed content: 1.1920928955078125e-05

0: 736x1280 280 icons, 12.9ms
Speed: 4.0ms preprocess, 12.9ms inference, 1.0ms postprocess per image at shape (1, 3, 736, 1280)
len(filtered_boxes): 266 65
time to get parsed content: 1.1920928955078125e-05

0: 736x1280 277 icons, 12.9ms
Speed: 4.3ms preprocess, 12.9ms inference, 1.0ms postprocess per image at shape (1, 3, 736, 1280)
len(filtered_boxes): 266 67
time to get parsed content: 1.239776611328125e-05

0: 736x1280 277 icons, 13.4ms
Speed: 4.3ms preprocess, 13.4ms inference, 1.1ms postprocess per image at shape (1, 3, 736, 1280)
len(filtered_boxes): 265 66
time to get parsed content: 1.1444091796875e-05

0: 736x1280 275 icons, 12.9ms
Speed: 4.3ms preprocess, 12.9ms inference, 1.0ms postprocess per image at shape (1, 3, 736, 1280)
len(filtered_boxes): 257 68
time to get parsed content: 1.33514404296875e-05

0: 736x1280 274 icons, 12.9ms
Speed: 4.1ms preprocess, 12.9ms inference, 1.0ms postprocess per image at shape (1, 3, 736, 1280)
len(filtered_boxes): 265 70
time to get parsed content: 1.1920928955078125e-05

0: 736x1280 275 icons, 12.9ms
Speed: 4.1ms preprocess, 12.9ms inference, 1.0ms postprocess per image at shape (1, 3, 736, 1280)
len(filtered_boxes): 265 70
time to get parsed content: 1.2159347534179688e-05

0: 736x1280 273 icons, 12.9ms
Speed: 4.1ms preprocess, 12.9ms inference, 1.0ms postprocess per image at shape (1, 3, 736, 1280)
len(filtered_boxes): 261 70
time to get parsed content: 1.2636184692382812e-05

0: 736x1280 278 icons, 12.9ms
Speed: 4.2ms preprocess, 12.9ms inference, 1.0ms postprocess per image at shape (1, 3, 736, 1280)
len(filtered_boxes): 270 72
time to get parsed content: 1.52587890625e-05

0: 736x1280 276 icons, 12.9ms
Speed: 4.1ms preprocess, 12.9ms inference, 1.0ms postprocess per image at shape (1, 3, 736, 1280)
len(filtered_boxes): 257 66
time to get parsed content: 1.239776611328125e-05

0: 736x1280 275 icons, 12.9ms
Speed: 4.1ms preprocess, 12.9ms inference, 1.0ms postprocess per image at shape (1, 3, 736, 1280)
len(filtered_boxes): 257 66
time to get parsed content: 1.2159347534179688e-05

0: 736x1280 277 icons, 14.6ms
Speed: 4.1ms preprocess, 14.6ms inference, 4.4ms postprocess per image at shape (1, 3, 736, 1280)
len(filtered_boxes): 259 66
time to get parsed content: 1.1920928955078125e-05

0: 736x1280 277 icons, 12.9ms
Speed: 4.1ms preprocess, 12.9ms inference, 1.0ms postprocess per image at shape (1, 3, 736, 1280)
len(filtered_boxes): 260 66
time to get parsed content: 1.0967254638671875e-05

0: 736x1280 272 icons, 12.9ms
Speed: 4.1ms preprocess, 12.9ms inference, 1.0ms postprocess per image at shape (1, 3, 736, 1280)
len(filtered_boxes): 252 66
time to get parsed content: 1.049041748046875e-05

0: 736x1280 266 icons, 12.9ms
Speed: 4.1ms preprocess, 12.9ms inference, 1.0ms postprocess per image at shape (1, 3, 736, 1280)
len(filtered_boxes): 246 69
time to get parsed content: 1.2874603271484375e-05

0: 736x1280 267 icons, 13.2ms
Speed: 5.3ms preprocess, 13.2ms inference, 1.0ms postprocess per image at shape (1, 3, 736, 1280)
len(filtered_boxes): 246 70
time to get parsed content: 1.4066696166992188e-05

0: 736x1280 265 icons, 15.6ms
Speed: 4.1ms preprocess, 15.6ms inference, 4.1ms postprocess per image at shape (1, 3, 736, 1280)
len(filtered_boxes): 248 70
time to get parsed content: 1.2636184692382812e-05

0: 736x1280 270 icons, 12.9ms
Speed: 4.3ms preprocess, 12.9ms inference, 1.0ms postprocess per image at shape (1, 3, 736, 1280)
len(filtered_boxes): 261 68
time to get parsed content: 1.1920928955078125e-05

0: 736x1280 265 icons, 12.9ms
Speed: 4.1ms preprocess, 12.9ms inference, 1.0ms postprocess per image at shape (1, 3, 736, 1280)
len(filtered_boxes): 253 67
time to get parsed content: 1.1920928955078125e-05
350 frames, t=349.0s, 0.18 frames/s

0: 736x1280 264 icons, 18.1ms
Speed: 4.0ms preprocess, 18.1ms inference, 3.0ms postprocess per image at shape (1, 3, 736, 1280)
len(filtered_boxes): 253 61
time to get parsed content: 1.1444091796875e-05

0: 736x1280 270 icons, 13.2ms
Speed: 4.7ms preprocess, 13.2ms inference, 1.0ms postprocess per image at shape (1, 3, 736, 1280)
len(filtered_boxes): 254 67
time to get parsed content: 1.1920928955078125e-05

0: 736x1280 275 icons, 13.0ms
Speed: 4.1ms preprocess, 13.0ms inference, 1.0ms postprocess per image at shape (1, 3, 736, 1280)
len(filtered_boxes): 265 68
time to get parsed content: 1.1444091796875e-05

0: 736x1280 274 icons, 17.8ms
Speed: 4.1ms preprocess, 17.8ms inference, 4.4ms postprocess per image at shape (1, 3, 736, 1280)
len(filtered_boxes): 258 67
time to get parsed content: 1.2636184692382812e-05

0: 736x1280 275 icons, 18.1ms
Speed: 4.3ms preprocess, 18.1ms inference, 4.3ms postprocess per image at shape (1, 3, 736, 1280)
len(filtered_boxes): 258 68
time to get parsed content: 1.1920928955078125e-05

0: 736x1280 272 icons, 12.9ms
Speed: 4.4ms preprocess, 12.9ms inference, 1.0ms postprocess per image at shape (1, 3, 736, 1280)
len(filtered_boxes): 259 68
time to get parsed content: 1.1682510375976562e-05

0: 736x1280 274 icons, 14.6ms
Speed: 4.1ms preprocess, 14.6ms inference, 4.4ms postprocess per image at shape (1, 3, 736, 1280)
len(filtered_boxes): 259 67
time to get parsed content: 1.1205673217773438e-05

0: 736x1280 274 icons, 12.9ms
Speed: 4.1ms preprocess, 12.9ms inference, 1.0ms postprocess per image at shape (1, 3, 736, 1280)
len(filtered_boxes): 258 67
time to get parsed content: 1.1444091796875e-05

0: 736x1280 275 icons, 12.9ms
Speed: 4.1ms preprocess, 12.9ms inference, 1.0ms postprocess per image at shape (1, 3, 736, 1280)
len(filtered_boxes): 259 69
time to get parsed content: 1.0251998901367188e-05

0: 736x1280 274 icons, 12.9ms
Speed: 4.2ms preprocess, 12.9ms inference, 1.0ms postprocess per image at shape (1, 3, 736, 1280)
len(filtered_boxes): 258 69
time to get parsed content: 9.059906005859375e-06

0: 736x1280 272 icons, 14.5ms
Speed: 4.1ms preprocess, 14.5ms inference, 4.5ms postprocess per image at shape (1, 3, 736, 1280)
len(filtered_boxes): 255 65
time to get parsed content: 1.2159347534179688e-05

0: 736x1280 278 icons, 12.9ms
Speed: 4.1ms preprocess, 12.9ms inference, 1.0ms postprocess per image at shape (1, 3, 736, 1280)
len(filtered_boxes): 256 66
time to get parsed content: 1.1205673217773438e-05

0: 736x1280 277 icons, 13.9ms
Speed: 4.1ms preprocess, 13.9ms inference, 1.8ms postprocess per image at shape (1, 3, 736, 1280)
len(filtered_boxes): 256 67
time to get parsed content: 1.2159347534179688e-05

0: 736x1280 277 icons, 12.9ms
Speed: 4.1ms preprocess, 12.9ms inference, 1.0ms postprocess per image at shape (1, 3, 736, 1280)
len(filtered_boxes): 256 67
time to get parsed content: 1.1444091796875e-05

0: 736x1280 278 icons, 12.9ms
Speed: 4.2ms preprocess, 12.9ms inference, 1.0ms postprocess per image at shape (1, 3, 736, 1280)
len(filtered_boxes): 258 67
time to get parsed content: 1.0728836059570312e-05

0: 736x1280 278 icons, 17.8ms
Speed: 4.1ms preprocess, 17.8ms inference, 4.6ms postprocess per image at shape (1, 3, 736, 1280)
len(filtered_boxes): 261 66
time to get parsed content: 1.1682510375976562e-05

0: 736x1280 277 icons, 12.9ms
Speed: 4.3ms preprocess, 12.9ms inference, 1.0ms postprocess per image at shape (1, 3, 736, 1280)
len(filtered_boxes): 259 65
time to get parsed content: 1.2636184692382812e-05

0: 736x1280 276 icons, 12.9ms
Speed: 4.1ms preprocess, 12.9ms inference, 1.0ms postprocess per image at shape (1, 3, 736, 1280)
len(filtered_boxes): 258 66
time to get parsed content: 1.430511474609375e-05

0: 736x1280 276 icons, 18.0ms
Speed: 4.6ms preprocess, 18.0ms inference, 2.7ms postprocess per image at shape (1, 3, 736, 1280)
len(filtered_boxes): 253 67
time to get parsed content: 1.33514404296875e-05

0: 736x1280 278 icons, 12.9ms
Speed: 4.1ms preprocess, 12.9ms inference, 1.0ms postprocess per image at shape (1, 3, 736, 1280)
len(filtered_boxes): 263 69
time to get parsed content: 1.3589859008789062e-05

0: 736x1280 280 icons, 12.9ms
Speed: 4.3ms preprocess, 12.9ms inference, 1.0ms postprocess per image at shape (1, 3, 736, 1280)
len(filtered_boxes): 260 69
time to get parsed content: 1.2159347534179688e-05

0: 736x1280 277 icons, 12.9ms
Speed: 4.1ms preprocess, 12.9ms inference, 1.0ms postprocess per image at shape (1, 3, 736, 1280)
len(filtered_boxes): 264 70
time to get parsed content: 1.239776611328125e-05

0: 736x1280 279 icons, 12.9ms
Speed: 4.2ms preprocess, 12.9ms inference, 1.0ms postprocess per image at shape (1, 3, 736, 1280)
len(filtered_boxes): 261 68
time to get parsed content: 1.1920928955078125e-05

0: 736x1280 275 icons, 15.5ms
Speed: 4.1ms preprocess, 15.5ms inference, 4.2ms postprocess per image at shape (1, 3, 736, 1280)
len(filtered_boxes): 260 68
time to get parsed content: 1.2874603271484375e-05

0: 736x1280 276 icons, 17.9ms
Speed: 4.0ms preprocess, 17.9ms inference, 3.0ms postprocess per image at shape (1, 3, 736, 1280)
len(filtered_boxes): 259 68
time to get parsed content: 1.239776611328125e-05

0: 736x1280 275 icons, 12.9ms
Speed: 4.1ms preprocess, 12.9ms inference, 1.0ms postprocess per image at shape (1, 3, 736, 1280)
len(filtered_boxes): 253 70
time to get parsed content: 1.2159347534179688e-05

0: 736x1280 280 icons, 13.2ms
Speed: 4.1ms preprocess, 13.2ms inference, 1.0ms postprocess per image at shape (1, 3, 736, 1280)
len(filtered_boxes): 258 71
time to get parsed content: 1.0967254638671875e-05

0: 736x1280 260 icons, 12.9ms
Speed: 4.1ms preprocess, 12.9ms inference, 1.0ms postprocess per image at shape (1, 3, 736, 1280)
len(filtered_boxes): 254 76
time to get parsed content: 1.3828277587890625e-05

0: 736x1280 265 icons, 12.9ms
Speed: 4.1ms preprocess, 12.9ms inference, 1.0ms postprocess per image at shape (1, 3, 736, 1280)
len(filtered_boxes): 248 67
time to get parsed content: 1.1444091796875e-05

0: 736x1280 262 icons, 16.2ms
Speed: 4.1ms preprocess, 16.2ms inference, 1.0ms postprocess per image at shape (1, 3, 736, 1280)
len(filtered_boxes): 248 67
time to get parsed content: 1.2636184692382812e-05

0: 736x1280 251 icons, 12.9ms
Speed: 4.2ms preprocess, 12.9ms inference, 1.0ms postprocess per image at shape (1, 3, 736, 1280)
len(filtered_boxes): 251 64
time to get parsed content: 1.2636184692382812e-05

0: 736x1280 257 icons, 12.9ms
Speed: 4.1ms preprocess, 12.9ms inference, 1.0ms postprocess per image at shape (1, 3, 736, 1280)
len(filtered_boxes): 252 64
time to get parsed content: 1.0251998901367188e-05

0: 736x1280 244 icons, 13.4ms
Speed: 4.1ms preprocess, 13.4ms inference, 1.2ms postprocess per image at shape (1, 3, 736, 1280)
len(filtered_boxes): 249 73
time to get parsed content: 1.2874603271484375e-05

0: 736x1280 262 icons, 12.9ms
Speed: 4.1ms preprocess, 12.9ms inference, 1.0ms postprocess per image at shape (1, 3, 736, 1280)
len(filtered_boxes): 254 66
time to get parsed content: 1.2636184692382812e-05

0: 736x1280 262 icons, 12.9ms
Speed: 4.3ms preprocess, 12.9ms inference, 1.0ms postprocess per image at shape (1, 3, 736, 1280)
len(filtered_boxes): 252 61
time to get parsed content: 1.0728836059570312e-05

0: 736x1280 262 icons, 15.5ms
Speed: 4.1ms preprocess, 15.5ms inference, 4.2ms postprocess per image at shape (1, 3, 736, 1280)
len(filtered_boxes): 251 62
time to get parsed content: 1.0013580322265625e-05

0: 736x1280 258 icons, 12.9ms
Speed: 4.1ms preprocess, 12.9ms inference, 1.0ms postprocess per image at shape (1, 3, 736, 1280)
len(filtered_boxes): 253 63
time to get parsed content: 9.775161743164062e-06

0: 736x1280 259 icons, 15.6ms
Speed: 4.0ms preprocess, 15.6ms inference, 4.1ms postprocess per image at shape (1, 3, 736, 1280)
len(filtered_boxes): 255 65
time to get parsed content: 1.2636184692382812e-05

0: 736x1280 258 icons, 18.3ms
Speed: 4.2ms preprocess, 18.3ms inference, 3.0ms postprocess per image at shape (1, 3, 736, 1280)
len(filtered_boxes): 255 64
time to get parsed content: 1.1682510375976562e-05

0: 736x1280 259 icons, 16.5ms
Speed: 5.4ms preprocess, 16.5ms inference, 4.3ms postprocess per image at shape (1, 3, 736, 1280)
len(filtered_boxes): 241 62
time to get parsed content: 1.1682510375976562e-05

0: 736x1280 268 icons, 14.6ms
Speed: 4.0ms preprocess, 14.6ms inference, 2.3ms postprocess per image at shape (1, 3, 736, 1280)
len(filtered_boxes): 255 61
time to get parsed content: 1.0967254638671875e-05

0: 736x1280 261 icons, 17.9ms
Speed: 4.1ms preprocess, 17.9ms inference, 3.0ms postprocess per image at shape (1, 3, 736, 1280)
len(filtered_boxes): 251 62
time to get parsed content: 1.1444091796875e-05

0: 736x1280 256 icons, 13.2ms
Speed: 5.7ms preprocess, 13.2ms inference, 1.0ms postprocess per image at shape (1, 3, 736, 1280)
len(filtered_boxes): 255 63
time to get parsed content: 1.0967254638671875e-05

0: 736x1280 255 icons, 12.9ms
Speed: 4.1ms preprocess, 12.9ms inference, 1.0ms postprocess per image at shape (1, 3, 736, 1280)
len(filtered_boxes): 252 65
time to get parsed content: 1.0728836059570312e-05

0: 736x1280 261 icons, 13.1ms
Speed: 4.1ms preprocess, 13.1ms inference, 1.0ms postprocess per image at shape (1, 3, 736, 1280)
len(filtered_boxes): 246 60
time to get parsed content: 1.0967254638671875e-05

0: 736x1280 261 icons, 12.9ms
Speed: 4.0ms preprocess, 12.9ms inference, 1.0ms postprocess per image at shape (1, 3, 736, 1280)
len(filtered_boxes): 251 67
time to get parsed content: 1.1682510375976562e-05

0: 736x1280 258 icons, 16.4ms
Speed: 4.2ms preprocess, 16.4ms inference, 3.7ms postprocess per image at shape (1, 3, 736, 1280)
len(filtered_boxes): 243 65
time to get parsed content: 1.2159347534179688e-05

0: 736x1280 257 icons, 12.9ms
Speed: 4.3ms preprocess, 12.9ms inference, 1.0ms postprocess per image at shape (1, 3, 736, 1280)
len(filtered_boxes): 252 65
time to get parsed content: 1.1444091796875e-05

0: 736x1280 261 icons, 12.9ms
Speed: 4.1ms preprocess, 12.9ms inference, 1.0ms postprocess per image at shape (1, 3, 736, 1280)
len(filtered_boxes): 248 60
time to get parsed content: 1.0251998901367188e-05

0: 736x1280 267 icons, 12.9ms
Speed: 4.2ms preprocess, 12.9ms inference, 1.0ms postprocess per image at shape (1, 3, 736, 1280)
len(filtered_boxes): 260 61
time to get parsed content: 1.1205673217773438e-05
400 frames, t=399.0s, 0.18 frames/s

0: 736x1280 258 icons, 12.9ms
Speed: 4.1ms preprocess, 12.9ms inference, 1.0ms postprocess per image at shape (1, 3, 736, 1280)
len(filtered_boxes): 245 60
time to get parsed content: 9.5367431640625e-06

0: 736x1280 261 icons, 12.9ms
Speed: 4.1ms preprocess, 12.9ms inference, 1.0ms postprocess per image at shape (1, 3, 736, 1280)
len(filtered_boxes): 251 59
time to get parsed content: 1.0728836059570312e-05

0: 736x1280 260 icons, 12.9ms
Speed: 4.0ms preprocess, 12.9ms inference, 1.0ms postprocess per image at shape (1, 3, 736, 1280)
len(filtered_boxes): 249 57
time to get parsed content: 1.0967254638671875e-05

0: 736x1280 255 icons, 12.9ms
Speed: 4.1ms preprocess, 12.9ms inference, 1.0ms postprocess per image at shape (1, 3, 736, 1280)
len(filtered_boxes): 246 60
time to get parsed content: 1.0967254638671875e-05

0: 736x1280 265 icons, 12.9ms
Speed: 4.1ms preprocess, 12.9ms inference, 1.0ms postprocess per image at shape (1, 3, 736, 1280)
len(filtered_boxes): 257 64
time to get parsed content: 1.1205673217773438e-05

0: 736x1280 266 icons, 13.1ms
Speed: 4.0ms preprocess, 13.1ms inference, 1.0ms postprocess per image at shape (1, 3, 736, 1280)
len(filtered_boxes): 253 69
time to get parsed content: 1.3828277587890625e-05

0: 736x1280 275 icons, 12.9ms
Speed: 4.3ms preprocess, 12.9ms inference, 1.0ms postprocess per image at shape (1, 3, 736, 1280)
len(filtered_boxes): 259 66
time to get parsed content: 1.1920928955078125e-05

0: 736x1280 271 icons, 26.5ms
Speed: 5.7ms preprocess, 26.5ms inference, 9.6ms postprocess per image at shape (1, 3, 736, 1280)
len(filtered_boxes): 255 66
time to get parsed content: 1.0728836059570312e-05

0: 736x1280 267 icons, 12.9ms
Speed: 4.1ms preprocess, 12.9ms inference, 1.0ms postprocess per image at shape (1, 3, 736, 1280)
len(filtered_boxes): 251 66
time to get parsed content: 1.0728836059570312e-05

0: 736x1280 269 icons, 12.9ms
Speed: 4.1ms preprocess, 12.9ms inference, 1.0ms postprocess per image at shape (1, 3, 736, 1280)
len(filtered_boxes): 257 70
time to get parsed content: 1.049041748046875e-05

0: 736x1280 273 icons, 18.0ms
Speed: 4.2ms preprocess, 18.0ms inference, 4.7ms postprocess per image at shape (1, 3, 736, 1280)
len(filtered_boxes): 258 67
time to get parsed content: 1.1920928955078125e-05

0: 736x1280 272 icons, 12.9ms
Speed: 4.1ms preprocess, 12.9ms inference, 1.0ms postprocess per image at shape (1, 3, 736, 1280)
len(filtered_boxes): 257 67
time to get parsed content: 1.1920928955078125e-05

0: 736x1280 274 icons, 12.9ms
Speed: 4.1ms preprocess, 12.9ms inference, 1.0ms postprocess per image at shape (1, 3, 736, 1280)
len(filtered_boxes): 258 66
time to get parsed content: 1.1920928955078125e-05

0: 736x1280 270 icons, 18.3ms
Speed: 4.1ms preprocess, 18.3ms inference, 4.0ms postprocess per image at shape (1, 3, 736, 1280)
len(filtered_boxes): 257 67
time to get parsed content: 1.1682510375976562e-05

0: 736x1280 279 icons, 12.9ms
Speed: 4.0ms preprocess, 12.9ms inference, 1.0ms postprocess per image at shape (1, 3, 736, 1280)
len(filtered_boxes): 260 64
time to get parsed content: 1.2874603271484375e-05

0: 736x1280 270 icons, 16.5ms
Speed: 4.1ms preprocess, 16.5ms inference, 4.1ms postprocess per image at shape (1, 3, 736, 1280)
len(filtered_boxes): 254 66
time to get parsed content: 1.2159347534179688e-05

0: 736x1280 266 icons, 13.7ms
Speed: 4.1ms preprocess, 13.7ms inference, 2.0ms postprocess per image at shape (1, 3, 736, 1280)
len(filtered_boxes): 252 66
time to get parsed content: 1.1682510375976562e-05

0: 736x1280 272 icons, 18.3ms
Speed: 4.0ms preprocess, 18.3ms inference, 4.2ms postprocess per image at shape (1, 3, 736, 1280)
len(filtered_boxes): 256 66
time to get parsed content: 1.1920928955078125e-05

0: 736x1280 266 icons, 12.9ms
Speed: 4.2ms preprocess, 12.9ms inference, 1.0ms postprocess per image at shape (1, 3, 736, 1280)
len(filtered_boxes): 255 69
time to get parsed content: 1.2874603271484375e-05

0: 736x1280 261 icons, 12.9ms
Speed: 4.1ms preprocess, 12.9ms inference, 1.1ms postprocess per image at shape (1, 3, 736, 1280)
len(filtered_boxes): 257 71
time to get parsed content: 1.1444091796875e-05

0: 736x1280 263 icons, 15.5ms
Speed: 4.1ms preprocess, 15.5ms inference, 4.3ms postprocess per image at shape (1, 3, 736, 1280)
len(filtered_boxes): 259 71
time to get parsed content: 1.3589859008789062e-05

0: 736x1280 259 icons, 12.9ms
Speed: 4.1ms preprocess, 12.9ms inference, 1.0ms postprocess per image at shape (1, 3, 736, 1280)
len(filtered_boxes): 266 79
time to get parsed content: 1.3589859008789062e-05

0: 736x1280 256 icons, 18.1ms
Speed: 4.1ms preprocess, 18.1ms inference, 2.7ms postprocess per image at shape (1, 3, 736, 1280)
len(filtered_boxes): 260 65
time to get parsed content: 1.0967254638671875e-05

0: 736x1280 244 icons, 12.9ms
Speed: 4.1ms preprocess, 12.9ms inference, 1.0ms postprocess per image at shape (1, 3, 736, 1280)
len(filtered_boxes): 241 67
time to get parsed content: 1.1682510375976562e-05

0: 736x1280 242 icons, 13.1ms
Speed: 4.1ms preprocess, 13.1ms inference, 1.0ms postprocess per image at shape (1, 3, 736, 1280)
len(filtered_boxes): 263 76
time to get parsed content: 1.2159347534179688e-05

0: 736x1280 261 icons, 12.9ms
Speed: 4.0ms preprocess, 12.9ms inference, 1.0ms postprocess per image at shape (1, 3, 736, 1280)
len(filtered_boxes): 252 61
time to get parsed content: 1.049041748046875e-05

0: 736x1280 259 icons, 14.6ms
Speed: 4.2ms preprocess, 14.6ms inference, 4.4ms postprocess per image at shape (1, 3, 736, 1280)
len(filtered_boxes): 240 59
time to get parsed content: 1.0013580322265625e-05

0: 736x1280 266 icons, 12.9ms
Speed: 4.1ms preprocess, 12.9ms inference, 1.0ms postprocess per image at shape (1, 3, 736, 1280)
len(filtered_boxes): 238 65
time to get parsed content: 1.2159347534179688e-05

0: 736x1280 253 icons, 12.9ms
Speed: 4.1ms preprocess, 12.9ms inference, 1.0ms postprocess per image at shape (1, 3, 736, 1280)
len(filtered_boxes): 255 74
time to get parsed content: 1.1920928955078125e-05

0: 736x1280 254 icons, 12.9ms
Speed: 4.1ms preprocess, 12.9ms inference, 1.0ms postprocess per image at shape (1, 3, 736, 1280)
len(filtered_boxes): 257 76
time to get parsed content: 1.2636184692382812e-05

0: 736x1280 259 icons, 15.6ms
Speed: 4.1ms preprocess, 15.6ms inference, 4.0ms postprocess per image at shape (1, 3, 736, 1280)
len(filtered_boxes): 253 68
time to get parsed content: 1.1444091796875e-05

0: 736x1280 267 icons, 12.9ms
Speed: 4.2ms preprocess, 12.9ms inference, 1.0ms postprocess per image at shape (1, 3, 736, 1280)
len(filtered_boxes): 247 67
time to get parsed content: 1.1444091796875e-05

0: 736x1280 259 icons, 12.9ms
Speed: 4.2ms preprocess, 12.9ms inference, 1.0ms postprocess per image at shape (1, 3, 736, 1280)
len(filtered_boxes): 249 74
time to get parsed content: 1.239776611328125e-05

0: 736x1280 270 icons, 17.8ms
Speed: 4.3ms preprocess, 17.8ms inference, 3.0ms postprocess per image at shape (1, 3, 736, 1280)
len(filtered_boxes): 245 64
time to get parsed content: 1.811981201171875e-05

0: 736x1280 274 icons, 12.9ms
Speed: 4.1ms preprocess, 12.9ms inference, 1.0ms postprocess per image at shape (1, 3, 736, 1280)
len(filtered_boxes): 250 68
time to get parsed content: 1.1682510375976562e-05

0: 736x1280 263 icons, 12.9ms
Speed: 4.1ms preprocess, 12.9ms inference, 1.0ms postprocess per image at shape (1, 3, 736, 1280)
len(filtered_boxes): 249 64
time to get parsed content: 1.2159347534179688e-05

0: 736x1280 261 icons, 12.9ms
Speed: 4.1ms preprocess, 12.9ms inference, 1.0ms postprocess per image at shape (1, 3, 736, 1280)
len(filtered_boxes): 249 62
time to get parsed content: 1.0251998901367188e-05

0: 736x1280 275 icons, 12.9ms
Speed: 4.2ms preprocess, 12.9ms inference, 1.0ms postprocess per image at shape (1, 3, 736, 1280)
len(filtered_boxes): 267 60
time to get parsed content: 1.0967254638671875e-05

0: 736x1280 277 icons, 12.9ms
Speed: 4.1ms preprocess, 12.9ms inference, 1.0ms postprocess per image at shape (1, 3, 736, 1280)
len(filtered_boxes): 257 58
time to get parsed content: 1.0728836059570312e-05

0: 736x1280 277 icons, 12.9ms
Speed: 4.3ms preprocess, 12.9ms inference, 1.0ms postprocess per image at shape (1, 3, 736, 1280)
len(filtered_boxes): 272 60
time to get parsed content: 1.0251998901367188e-05

0: 736x1280 275 icons, 12.9ms
Speed: 4.2ms preprocess, 12.9ms inference, 1.0ms postprocess per image at shape (1, 3, 736, 1280)
len(filtered_boxes): 256 74
time to get parsed content: 1.4066696166992188e-05

0: 736x1280 279 icons, 13.1ms
Speed: 4.2ms preprocess, 13.1ms inference, 1.0ms postprocess per image at shape (1, 3, 736, 1280)
len(filtered_boxes): 257 68
time to get parsed content: 1.1920928955078125e-05

0: 736x1280 278 icons, 12.9ms
Speed: 4.3ms preprocess, 12.9ms inference, 1.0ms postprocess per image at shape (1, 3, 736, 1280)
len(filtered_boxes): 261 71
time to get parsed content: 1.2159347534179688e-05

0: 736x1280 274 icons, 14.4ms
Speed: 4.2ms preprocess, 14.4ms inference, 4.4ms postprocess per image at shape (1, 3, 736, 1280)
len(filtered_boxes): 256 67
time to get parsed content: 1.2636184692382812e-05

0: 736x1280 269 icons, 12.9ms
Speed: 4.1ms preprocess, 12.9ms inference, 1.0ms postprocess per image at shape (1, 3, 736, 1280)
len(filtered_boxes): 272 71
time to get parsed content: 1.3113021850585938e-05

0: 736x1280 271 icons, 16.4ms
Speed: 4.8ms preprocess, 16.4ms inference, 4.3ms postprocess per image at shape (1, 3, 736, 1280)
len(filtered_boxes): 275 75
time to get parsed content: 1.2636184692382812e-05

0: 736x1280 277 icons, 12.9ms
Speed: 4.2ms preprocess, 12.9ms inference, 1.0ms postprocess per image at shape (1, 3, 736, 1280)
len(filtered_boxes): 258 66
time to get parsed content: 1.1682510375976562e-05

0: 736x1280 279 icons, 12.9ms
Speed: 4.1ms preprocess, 12.9ms inference, 1.0ms postprocess per image at shape (1, 3, 736, 1280)
len(filtered_boxes): 259 70
time to get parsed content: 1.2159347534179688e-05

0: 736x1280 276 icons, 12.9ms
Speed: 4.1ms preprocess, 12.9ms inference, 1.0ms postprocess per image at shape (1, 3, 736, 1280)
len(filtered_boxes): 259 69
time to get parsed content: 1.2636184692382812e-05

0: 736x1280 277 icons, 12.9ms
Speed: 4.1ms preprocess, 12.9ms inference, 1.0ms postprocess per image at shape (1, 3, 736, 1280)
len(filtered_boxes): 258 70
time to get parsed content: 1.239776611328125e-05
450 frames, t=449.0s, 0.18 frames/s

0: 736x1280 273 icons, 12.9ms
Speed: 4.1ms preprocess, 12.9ms inference, 1.0ms postprocess per image at shape (1, 3, 736, 1280)
len(filtered_boxes): 256 70
time to get parsed content: 1.1205673217773438e-05

0: 736x1280 268 icons, 12.9ms
Speed: 4.1ms preprocess, 12.9ms inference, 1.0ms postprocess per image at shape (1, 3, 736, 1280)
len(filtered_boxes): 251 70
time to get parsed content: 1.239776611328125e-05

0: 736x1280 264 icons, 12.9ms
Speed: 4.4ms preprocess, 12.9ms inference, 1.2ms postprocess per image at shape (1, 3, 736, 1280)
len(filtered_boxes): 250 72
time to get parsed content: 1.239776611328125e-05

0: 736x1280 266 icons, 13.4ms
Speed: 4.0ms preprocess, 13.4ms inference, 1.1ms postprocess per image at shape (1, 3, 736, 1280)
len(filtered_boxes): 251 71
time to get parsed content: 1.2874603271484375e-05

0: 736x1280 265 icons, 18.0ms
Speed: 4.1ms preprocess, 18.0ms inference, 2.7ms postprocess per image at shape (1, 3, 736, 1280)
len(filtered_boxes): 249 71
time to get parsed content: 1.1920928955078125e-05

0: 736x1280 265 icons, 12.9ms
Speed: 4.2ms preprocess, 12.9ms inference, 1.0ms postprocess per image at shape (1, 3, 736, 1280)
len(filtered_boxes): 249 69
time to get parsed content: 1.1444091796875e-05

0: 736x1280 268 icons, 13.0ms
Speed: 4.1ms preprocess, 13.0ms inference, 1.2ms postprocess per image at shape (1, 3, 736, 1280)
len(filtered_boxes): 254 69
time to get parsed content: 1.1205673217773438e-05

0: 736x1280 266 icons, 12.9ms
Speed: 4.1ms preprocess, 12.9ms inference, 1.0ms postprocess per image at shape (1, 3, 736, 1280)
len(filtered_boxes): 253 71
time to get parsed content: 1.049041748046875e-05

0: 736x1280 269 icons, 12.9ms
Speed: 4.0ms preprocess, 12.9ms inference, 1.0ms postprocess per image at shape (1, 3, 736, 1280)
len(filtered_boxes): 255 70
time to get parsed content: 1.1444091796875e-05

0: 736x1280 269 icons, 12.9ms
Speed: 4.1ms preprocess, 12.9ms inference, 1.0ms postprocess per image at shape (1, 3, 736, 1280)
len(filtered_boxes): 255 70
time to get parsed content: 1.3113021850585938e-05

0: 736x1280 268 icons, 12.9ms
Speed: 4.3ms preprocess, 12.9ms inference, 1.0ms postprocess per image at shape (1, 3, 736, 1280)
len(filtered_boxes): 252 68
time to get parsed content: 1.1920928955078125e-05

0: 736x1280 272 icons, 12.9ms
Speed: 4.1ms preprocess, 12.9ms inference, 1.0ms postprocess per image at shape (1, 3, 736, 1280)
len(filtered_boxes): 250 69
time to get parsed content: 1.239776611328125e-05

0: 736x1280 273 icons, 12.9ms
Speed: 4.2ms preprocess, 12.9ms inference, 1.0ms postprocess per image at shape (1, 3, 736, 1280)
len(filtered_boxes): 253 70
time to get parsed content: 1.3113021850585938e-05

0: 736x1280 275 icons, 12.9ms
Speed: 4.1ms preprocess, 12.9ms inference, 1.0ms postprocess per image at shape (1, 3, 736, 1280)
len(filtered_boxes): 252 69
time to get parsed content: 1.3113021850585938e-05

0: 736x1280 271 icons, 12.9ms
Speed: 4.1ms preprocess, 12.9ms inference, 1.0ms postprocess per image at shape (1, 3, 736, 1280)
len(filtered_boxes): 251 70
time to get parsed content: 1.3113021850585938e-05

0: 736x1280 267 icons, 12.9ms
Speed: 4.1ms preprocess, 12.9ms inference, 1.0ms postprocess per image at shape (1, 3, 736, 1280)
len(filtered_boxes): 246 67
time to get parsed content: 1.1205673217773438e-05

0: 736x1280 266 icons, 12.9ms
Speed: 4.2ms preprocess, 12.9ms inference, 1.0ms postprocess per image at shape (1, 3, 736, 1280)
len(filtered_boxes): 246 68
time to get parsed content: 1.0728836059570312e-05

0: 736x1280 267 icons, 12.9ms
Speed: 4.1ms preprocess, 12.9ms inference, 1.0ms postprocess per image at shape (1, 3, 736, 1280)
len(filtered_boxes): 248 70
time to get parsed content: 1.1444091796875e-05

0: 736x1280 268 icons, 12.9ms
Speed: 4.1ms preprocess, 12.9ms inference, 1.0ms postprocess per image at shape (1, 3, 736, 1280)
len(filtered_boxes): 248 70
time to get parsed content: 1.239776611328125e-05

0: 736x1280 268 icons, 14.7ms
Speed: 4.3ms preprocess, 14.7ms inference, 2.2ms postprocess per image at shape (1, 3, 736, 1280)
len(filtered_boxes): 248 70
time to get parsed content: 1.4543533325195312e-05

0: 736x1280 268 icons, 18.0ms
Speed: 4.3ms preprocess, 18.0ms inference, 4.7ms postprocess per image at shape (1, 3, 736, 1280)
len(filtered_boxes): 249 68
time to get parsed content: 1.1444091796875e-05

0: 736x1280 269 icons, 12.9ms
Speed: 4.1ms preprocess, 12.9ms inference, 1.0ms postprocess per image at shape (1, 3, 736, 1280)
len(filtered_boxes): 249 68
time to get parsed content: 1.1444091796875e-05

0: 736x1280 268 icons, 12.9ms
Speed: 4.1ms preprocess, 12.9ms inference, 1.0ms postprocess per image at shape (1, 3, 736, 1280)
len(filtered_boxes): 249 69
time to get parsed content: 1.1920928955078125e-05

0: 736x1280 268 icons, 12.9ms
Speed: 4.1ms preprocess, 12.9ms inference, 1.0ms postprocess per image at shape (1, 3, 736, 1280)
len(filtered_boxes): 249 69
time to get parsed content: 1.1682510375976562e-05

0: 736x1280 267 icons, 15.5ms
Speed: 4.1ms preprocess, 15.5ms inference, 4.2ms postprocess per image at shape (1, 3, 736, 1280)
len(filtered_boxes): 246 67
time to get parsed content: 1.1444091796875e-05

0: 736x1280 269 icons, 12.9ms
Speed: 4.2ms preprocess, 12.9ms inference, 1.0ms postprocess per image at shape (1, 3, 736, 1280)
len(filtered_boxes): 253 72
time to get parsed content: 1.2874603271484375e-05

0: 736x1280 269 icons, 12.9ms
Speed: 4.2ms preprocess, 12.9ms inference, 1.0ms postprocess per image at shape (1, 3, 736, 1280)
len(filtered_boxes): 252 70
time to get parsed content: 1.2636184692382812e-05

0: 736x1280 268 icons, 18.1ms
Speed: 4.3ms preprocess, 18.1ms inference, 4.6ms postprocess per image at shape (1, 3, 736, 1280)
len(filtered_boxes): 250 71
time to get parsed content: 1.2159347534179688e-05

0: 736x1280 268 icons, 15.8ms
Speed: 4.1ms preprocess, 15.8ms inference, 4.1ms postprocess per image at shape (1, 3, 736, 1280)
len(filtered_boxes): 247 69
time to get parsed content: 1.2159347534179688e-05

0: 736x1280 269 icons, 12.9ms
Speed: 4.1ms preprocess, 12.9ms inference, 1.0ms postprocess per image at shape (1, 3, 736, 1280)
len(filtered_boxes): 248 69
time to get parsed content: 1.239776611328125e-05

0: 736x1280 269 icons, 12.9ms
Speed: 4.1ms preprocess, 12.9ms inference, 1.0ms postprocess per image at shape (1, 3, 736, 1280)
len(filtered_boxes): 251 68
time to get parsed content: 1.2874603271484375e-05

0: 736x1280 268 icons, 12.9ms
Speed: 4.1ms preprocess, 12.9ms inference, 1.0ms postprocess per image at shape (1, 3, 736, 1280)
len(filtered_boxes): 250 69
time to get parsed content: 1.1920928955078125e-05

0: 736x1280 273 icons, 12.9ms
Speed: 4.1ms preprocess, 12.9ms inference, 1.0ms postprocess per image at shape (1, 3, 736, 1280)
len(filtered_boxes): 256 66
time to get parsed content: 1.1682510375976562e-05

0: 736x1280 272 icons, 12.9ms
Speed: 4.2ms preprocess, 12.9ms inference, 1.0ms postprocess per image at shape (1, 3, 736, 1280)
len(filtered_boxes): 254 70
time to get parsed content: 1.4781951904296875e-05

0: 736x1280 271 icons, 12.9ms
Speed: 4.5ms preprocess, 12.9ms inference, 1.0ms postprocess per image at shape (1, 3, 736, 1280)
len(filtered_boxes): 252 68
time to get parsed content: 1.239776611328125e-05

0: 736x1280 267 icons, 13.2ms
Speed: 4.1ms preprocess, 13.2ms inference, 1.0ms postprocess per image at shape (1, 3, 736, 1280)
len(filtered_boxes): 249 68
time to get parsed content: 1.1682510375976562e-05

0: 736x1280 264 icons, 17.9ms
Speed: 4.1ms preprocess, 17.9ms inference, 3.0ms postprocess per image at shape (1, 3, 736, 1280)
len(filtered_boxes): 250 70
time to get parsed content: 1.2159347534179688e-05

0: 736x1280 271 icons, 18.1ms
Speed: 4.1ms preprocess, 18.1ms inference, 4.6ms postprocess per image at shape (1, 3, 736, 1280)
len(filtered_boxes): 259 70
time to get parsed content: 1.1920928955078125e-05

0: 736x1280 274 icons, 12.9ms
Speed: 4.3ms preprocess, 12.9ms inference, 1.0ms postprocess per image at shape (1, 3, 736, 1280)
len(filtered_boxes): 257 69
time to get parsed content: 1.1682510375976562e-05

0: 736x1280 274 icons, 12.9ms
Speed: 4.1ms preprocess, 12.9ms inference, 1.0ms postprocess per image at shape (1, 3, 736, 1280)
len(filtered_boxes): 257 69
time to get parsed content: 1.2636184692382812e-05

0: 736x1280 272 icons, 12.9ms
Speed: 4.3ms preprocess, 12.9ms inference, 1.0ms postprocess per image at shape (1, 3, 736, 1280)
len(filtered_boxes): 252 66
time to get parsed content: 1.0967254638671875e-05

0: 736x1280 270 icons, 12.9ms
Speed: 4.1ms preprocess, 12.9ms inference, 1.0ms postprocess per image at shape (1, 3, 736, 1280)
len(filtered_boxes): 251 64
time to get parsed content: 1.33514404296875e-05

0: 736x1280 270 icons, 12.9ms
Speed: 4.1ms preprocess, 12.9ms inference, 1.0ms postprocess per image at shape (1, 3, 736, 1280)
len(filtered_boxes): 248 65
time to get parsed content: 1.1205673217773438e-05

0: 736x1280 264 icons, 12.9ms
Speed: 4.2ms preprocess, 12.9ms inference, 1.0ms postprocess per image at shape (1, 3, 736, 1280)
len(filtered_boxes): 249 65
time to get parsed content: 1.0728836059570312e-05

0: 736x1280 268 icons, 12.9ms
Speed: 4.1ms preprocess, 12.9ms inference, 1.0ms postprocess per image at shape (1, 3, 736, 1280)
len(filtered_boxes): 247 65
time to get parsed content: 1.1920928955078125e-05

0: 736x1280 267 icons, 12.9ms
Speed: 4.1ms preprocess, 12.9ms inference, 1.0ms postprocess per image at shape (1, 3, 736, 1280)
len(filtered_boxes): 255 68
time to get parsed content: 1.3828277587890625e-05

0: 736x1280 273 icons, 12.9ms
Speed: 4.1ms preprocess, 12.9ms inference, 1.0ms postprocess per image at shape (1, 3, 736, 1280)
len(filtered_boxes): 257 62
time to get parsed content: 1.1205673217773438e-05

0: 736x1280 268 icons, 16.1ms
Speed: 4.4ms preprocess, 16.1ms inference, 3.6ms postprocess per image at shape (1, 3, 736, 1280)
len(filtered_boxes): 254 69
time to get parsed content: 1.2874603271484375e-05

0: 736x1280 270 icons, 12.9ms
Speed: 4.1ms preprocess, 12.9ms inference, 1.0ms postprocess per image at shape (1, 3, 736, 1280)
len(filtered_boxes): 248 62
time to get parsed content: 1.1444091796875e-05

0: 736x1280 272 icons, 16.6ms
Speed: 6.1ms preprocess, 16.6ms inference, 4.3ms postprocess per image at shape (1, 3, 736, 1280)
len(filtered_boxes): 249 68
time to get parsed content: 1.1682510375976562e-05
500 frames, t=499.0s, 0.18 frames/s

0: 736x1280 266 icons, 18.2ms
Speed: 4.1ms preprocess, 18.2ms inference, 4.6ms postprocess per image at shape (1, 3, 736, 1280)
len(filtered_boxes): 256 69
time to get parsed content: 1.1682510375976562e-05

0: 736x1280 268 icons, 12.9ms
Speed: 4.1ms preprocess, 12.9ms inference, 1.0ms postprocess per image at shape (1, 3, 736, 1280)
len(filtered_boxes): 248 67
time to get parsed content: 1.2636184692382812e-05

0: 736x1280 268 icons, 12.9ms
Speed: 4.1ms preprocess, 12.9ms inference, 1.0ms postprocess per image at shape (1, 3, 736, 1280)
len(filtered_boxes): 255 69
time to get parsed content: 1.4066696166992188e-05

0: 736x1280 271 icons, 12.9ms
Speed: 4.1ms preprocess, 12.9ms inference, 1.0ms postprocess per image at shape (1, 3, 736, 1280)
len(filtered_boxes): 253 70
time to get parsed content: 1.2636184692382812e-05

0: 736x1280 264 icons, 12.9ms
Speed: 4.1ms preprocess, 12.9ms inference, 1.0ms postprocess per image at shape (1, 3, 736, 1280)
len(filtered_boxes): 253 70
time to get parsed content: 1.2159347534179688e-05

0: 736x1280 267 icons, 12.9ms
Speed: 4.1ms preprocess, 12.9ms inference, 1.0ms postprocess per image at shape (1, 3, 736, 1280)
len(filtered_boxes): 261 74
time to get parsed content: 1.2159347534179688e-05

0: 736x1280 268 icons, 12.9ms
Speed: 4.2ms preprocess, 12.9ms inference, 1.0ms postprocess per image at shape (1, 3, 736, 1280)
len(filtered_boxes): 255 69
time to get parsed content: 1.1205673217773438e-05

0: 736x1280 270 icons, 16.2ms
Speed: 4.2ms preprocess, 16.2ms inference, 4.2ms postprocess per image at shape (1, 3, 736, 1280)
len(filtered_boxes): 256 68
time to get parsed content: 1.239776611328125e-05

0: 736x1280 269 icons, 12.9ms
Speed: 4.1ms preprocess, 12.9ms inference, 1.0ms postprocess per image at shape (1, 3, 736, 1280)
len(filtered_boxes): 254 70
time to get parsed content: 1.2159347534179688e-05

0: 736x1280 273 icons, 17.9ms
Speed: 4.2ms preprocess, 17.9ms inference, 3.0ms postprocess per image at shape (1, 3, 736, 1280)
len(filtered_boxes): 256 71
time to get parsed content: 1.1444091796875e-05

0: 736x1280 269 icons, 14.4ms
Speed: 4.1ms preprocess, 14.4ms inference, 2.1ms postprocess per image at shape (1, 3, 736, 1280)
len(filtered_boxes): 269 69
time to get parsed content: 1.1682510375976562e-05

0: 736x1280 271 icons, 12.9ms
Speed: 4.1ms preprocess, 12.9ms inference, 1.0ms postprocess per image at shape (1, 3, 736, 1280)
len(filtered_boxes): 264 66
time to get parsed content: 1.1920928955078125e-05

0: 736x1280 271 icons, 12.9ms
Speed: 4.2ms preprocess, 12.9ms inference, 1.0ms postprocess per image at shape (1, 3, 736, 1280)
len(filtered_boxes): 261 66
time to get parsed content: 1.4066696166992188e-05

0: 736x1280 271 icons, 14.3ms
Speed: 4.1ms preprocess, 14.3ms inference, 2.1ms postprocess per image at shape (1, 3, 736, 1280)
len(filtered_boxes): 261 66
time to get parsed content: 1.2159347534179688e-05

0: 736x1280 263 icons, 12.9ms
Speed: 4.6ms preprocess, 12.9ms inference, 1.0ms postprocess per image at shape (1, 3, 736, 1280)
len(filtered_boxes): 252 67
time to get parsed content: 1.1444091796875e-05

0: 736x1280 271 icons, 12.9ms
Speed: 4.3ms preprocess, 12.9ms inference, 1.0ms postprocess per image at shape (1, 3, 736, 1280)
len(filtered_boxes): 260 70
time to get parsed content: 1.2636184692382812e-05

0: 736x1280 269 icons, 12.9ms
Speed: 4.1ms preprocess, 12.9ms inference, 1.0ms postprocess per image at shape (1, 3, 736, 1280)
len(filtered_boxes): 258 67
time to get parsed content: 1.0728836059570312e-05

0: 736x1280 269 icons, 13.2ms
Speed: 4.2ms preprocess, 13.2ms inference, 1.0ms postprocess per image at shape (1, 3, 736, 1280)
len(filtered_boxes): 258 67
time to get parsed content: 1.1205673217773438e-05

0: 736x1280 269 icons, 12.9ms
Speed: 4.1ms preprocess, 12.9ms inference, 1.0ms postprocess per image at shape (1, 3, 736, 1280)
len(filtered_boxes): 254 67
time to get parsed content: 1.1682510375976562e-05

0: 736x1280 270 icons, 12.9ms
Speed: 4.0ms preprocess, 12.9ms inference, 1.0ms postprocess per image at shape (1, 3, 736, 1280)
len(filtered_boxes): 262 76
time to get parsed content: 1.1444091796875e-05

0: 736x1280 272 icons, 12.9ms
Speed: 4.1ms preprocess, 12.9ms inference, 1.0ms postprocess per image at shape (1, 3, 736, 1280)
len(filtered_boxes): 260 75
time to get parsed content: 1.2874603271484375e-05

0: 736x1280 273 icons, 12.9ms
Speed: 4.2ms preprocess, 12.9ms inference, 1.0ms postprocess per image at shape (1, 3, 736, 1280)
len(filtered_boxes): 255 70
time to get parsed content: 1.239776611328125e-05

0: 736x1280 271 icons, 12.9ms
Speed: 4.1ms preprocess, 12.9ms inference, 1.0ms postprocess per image at shape (1, 3, 736, 1280)
len(filtered_boxes): 255 71
time to get parsed content: 1.2636184692382812e-05

0: 736x1280 273 icons, 12.9ms
Speed: 4.1ms preprocess, 12.9ms inference, 1.0ms postprocess per image at shape (1, 3, 736, 1280)
len(filtered_boxes): 257 71
time to get parsed content: 1.3589859008789062e-05

0: 736x1280 276 icons, 12.9ms
Speed: 4.2ms preprocess, 12.9ms inference, 1.0ms postprocess per image at shape (1, 3, 736, 1280)
len(filtered_boxes): 262 76
time to get parsed content: 1.4066696166992188e-05

0: 736x1280 268 icons, 12.9ms
Speed: 4.1ms preprocess, 12.9ms inference, 1.0ms postprocess per image at shape (1, 3, 736, 1280)
len(filtered_boxes): 252 73
time to get parsed content: 1.239776611328125e-05

0: 736x1280 271 icons, 12.9ms
Speed: 4.1ms preprocess, 12.9ms inference, 1.0ms postprocess per image at shape (1, 3, 736, 1280)
len(filtered_boxes): 257 73
time to get parsed content: 1.2874603271484375e-05

0: 736x1280 278 icons, 12.9ms
Speed: 4.3ms preprocess, 12.9ms inference, 1.1ms postprocess per image at shape (1, 3, 736, 1280)
len(filtered_boxes): 262 73
time to get parsed content: 1.4066696166992188e-05

0: 736x1280 271 icons, 12.9ms
Speed: 4.1ms preprocess, 12.9ms inference, 1.0ms postprocess per image at shape (1, 3, 736, 1280)
len(filtered_boxes): 261 71
time to get parsed content: 1.33514404296875e-05

0: 736x1280 272 icons, 14.3ms
Speed: 4.1ms preprocess, 14.3ms inference, 2.1ms postprocess per image at shape (1, 3, 736, 1280)
len(filtered_boxes): 264 68
time to get parsed content: 1.2874603271484375e-05

0: 736x1280 270 icons, 16.1ms
Speed: 4.2ms preprocess, 16.1ms inference, 1.0ms postprocess per image at shape (1, 3, 736, 1280)
len(filtered_boxes): 259 69
time to get parsed content: 1.3113021850585938e-05

0: 736x1280 270 icons, 17.0ms
Speed: 4.1ms preprocess, 17.0ms inference, 1.0ms postprocess per image at shape (1, 3, 736, 1280)
len(filtered_boxes): 265 73
time to get parsed content: 1.4781951904296875e-05

0: 736x1280 268 icons, 12.9ms
Speed: 4.5ms preprocess, 12.9ms inference, 1.0ms postprocess per image at shape (1, 3, 736, 1280)
len(filtered_boxes): 261 73
time to get parsed content: 1.2636184692382812e-05

0: 736x1280 268 icons, 16.3ms
Speed: 4.2ms preprocess, 16.3ms inference, 1.1ms postprocess per image at shape (1, 3, 736, 1280)
len(filtered_boxes): 266 73
time to get parsed content: 1.1682510375976562e-05

0: 736x1280 261 icons, 12.9ms
Speed: 4.2ms preprocess, 12.9ms inference, 1.0ms postprocess per image at shape (1, 3, 736, 1280)
len(filtered_boxes): 247 68
time to get parsed content: 1.239776611328125e-05

0: 736x1280 261 icons, 12.9ms
Speed: 4.1ms preprocess, 12.9ms inference, 1.0ms postprocess per image at shape (1, 3, 736, 1280)
len(filtered_boxes): 245 56
time to get parsed content: 9.5367431640625e-06

0: 736x1280 261 icons, 12.9ms
Speed: 4.1ms preprocess, 12.9ms inference, 1.0ms postprocess per image at shape (1, 3, 736, 1280)
len(filtered_boxes): 246 57
time to get parsed content: 1.1205673217773438e-05

0: 736x1280 258 icons, 12.9ms
Speed: 4.1ms preprocess, 12.9ms inference, 1.0ms postprocess per image at shape (1, 3, 736, 1280)
len(filtered_boxes): 249 64
time to get parsed content: 1.2159347534179688e-05

0: 736x1280 262 icons, 12.9ms
Speed: 4.1ms preprocess, 12.9ms inference, 1.0ms postprocess per image at shape (1, 3, 736, 1280)
len(filtered_boxes): 253 62
time to get parsed content: 1.1920928955078125e-05

0: 736x1280 260 icons, 18.0ms
Speed: 4.1ms preprocess, 18.0ms inference, 4.6ms postprocess per image at shape (1, 3, 736, 1280)
len(filtered_boxes): 245 67
time to get parsed content: 1.1920928955078125e-05

0: 736x1280 267 icons, 12.9ms
Speed: 4.1ms preprocess, 12.9ms inference, 1.0ms postprocess per image at shape (1, 3, 736, 1280)
len(filtered_boxes): 253 67
time to get parsed content: 1.049041748046875e-05

0: 736x1280 271 icons, 12.9ms
Speed: 4.2ms preprocess, 12.9ms inference, 1.0ms postprocess per image at shape (1, 3, 736, 1280)
len(filtered_boxes): 255 66
time to get parsed content: 1.2159347534179688e-05

0: 736x1280 260 icons, 12.9ms
Speed: 4.1ms preprocess, 12.9ms inference, 1.0ms postprocess per image at shape (1, 3, 736, 1280)
len(filtered_boxes): 241 64
time to get parsed content: 1.0728836059570312e-05

0: 736x1280 264 icons, 13.2ms
Speed: 5.5ms preprocess, 13.2ms inference, 1.0ms postprocess per image at shape (1, 3, 736, 1280)
len(filtered_boxes): 241 62
time to get parsed content: 1.2874603271484375e-05

0: 736x1280 271 icons, 12.9ms
Speed: 4.1ms preprocess, 12.9ms inference, 1.0ms postprocess per image at shape (1, 3, 736, 1280)
len(filtered_boxes): 256 64
time to get parsed content: 1.239776611328125e-05

0: 736x1280 275 icons, 12.9ms
Speed: 4.0ms preprocess, 12.9ms inference, 1.0ms postprocess per image at shape (1, 3, 736, 1280)
len(filtered_boxes): 256 69
time to get parsed content: 1.2874603271484375e-05

0: 736x1280 275 icons, 12.9ms
Speed: 4.3ms preprocess, 12.9ms inference, 1.0ms postprocess per image at shape (1, 3, 736, 1280)
len(filtered_boxes): 258 71
time to get parsed content: 1.2636184692382812e-05

0: 736x1280 274 icons, 17.8ms
Speed: 4.1ms preprocess, 17.8ms inference, 3.0ms postprocess per image at shape (1, 3, 736, 1280)
len(filtered_boxes): 254 69
time to get parsed content: 1.2636184692382812e-05

0: 736x1280 274 icons, 12.9ms
Speed: 4.1ms preprocess, 12.9ms inference, 1.0ms postprocess per image at shape (1, 3, 736, 1280)
len(filtered_boxes): 255 68
time to get parsed content: 1.2636184692382812e-05

0: 736x1280 271 icons, 12.9ms
Speed: 4.1ms preprocess, 12.9ms inference, 1.0ms postprocess per image at shape (1, 3, 736, 1280)
len(filtered_boxes): 250 69
time to get parsed content: 1.2636184692382812e-05
550 frames, t=549.0s, 0.18 frames/s

0: 736x1280 278 icons, 12.9ms
Speed: 4.0ms preprocess, 12.9ms inference, 1.0ms postprocess per image at shape (1, 3, 736, 1280)
len(filtered_boxes): 257 70
time to get parsed content: 1.2874603271484375e-05

0: 736x1280 277 icons, 12.9ms
Speed: 4.3ms preprocess, 12.9ms inference, 1.0ms postprocess per image at shape (1, 3, 736, 1280)
len(filtered_boxes): 260 69
time to get parsed content: 1.1205673217773438e-05

0: 736x1280 276 icons, 12.9ms
Speed: 4.0ms preprocess, 12.9ms inference, 1.0ms postprocess per image at shape (1, 3, 736, 1280)
len(filtered_boxes): 251 71
time to get parsed content: 1.2636184692382812e-05

0: 736x1280 274 icons, 12.9ms
Speed: 4.1ms preprocess, 12.9ms inference, 1.0ms postprocess per image at shape (1, 3, 736, 1280)
len(filtered_boxes): 246 70
time to get parsed content: 1.3589859008789062e-05

0: 736x1280 273 icons, 12.9ms
Speed: 4.2ms preprocess, 12.9ms inference, 1.0ms postprocess per image at shape (1, 3, 736, 1280)
len(filtered_boxes): 247 69
time to get parsed content: 1.2874603271484375e-05

0: 736x1280 277 icons, 12.9ms
Speed: 4.1ms preprocess, 12.9ms inference, 1.0ms postprocess per image at shape (1, 3, 736, 1280)
len(filtered_boxes): 254 66
time to get parsed content: 1.239776611328125e-05

0: 736x1280 276 icons, 12.9ms
Speed: 4.1ms preprocess, 12.9ms inference, 1.0ms postprocess per image at shape (1, 3, 736, 1280)
len(filtered_boxes): 255 72
time to get parsed content: 1.2159347534179688e-05

0: 736x1280 277 icons, 12.9ms
Speed: 4.1ms preprocess, 12.9ms inference, 1.0ms postprocess per image at shape (1, 3, 736, 1280)
len(filtered_boxes): 257 70
time to get parsed content: 1.3113021850585938e-05

0: 736x1280 278 icons, 12.9ms
Speed: 4.1ms preprocess, 12.9ms inference, 1.0ms postprocess per image at shape (1, 3, 736, 1280)
len(filtered_boxes): 257 70
time to get parsed content: 1.2874603271484375e-05

0: 736x1280 279 icons, 13.8ms
Speed: 4.1ms preprocess, 13.8ms inference, 2.0ms postprocess per image at shape (1, 3, 736, 1280)
len(filtered_boxes): 259 71
time to get parsed content: 1.3589859008789062e-05

0: 736x1280 279 icons, 12.9ms
Speed: 4.1ms preprocess, 12.9ms inference, 1.0ms postprocess per image at shape (1, 3, 736, 1280)
len(filtered_boxes): 255 71
time to get parsed content: 1.3113021850585938e-05

0: 736x1280 276 icons, 12.9ms
Speed: 4.2ms preprocess, 12.9ms inference, 1.0ms postprocess per image at shape (1, 3, 736, 1280)
len(filtered_boxes): 260 71
time to get parsed content: 1.0728836059570312e-05

0: 736x1280 279 icons, 13.1ms
Speed: 4.1ms preprocess, 13.1ms inference, 1.0ms postprocess per image at shape (1, 3, 736, 1280)
len(filtered_boxes): 265 72
time to get parsed content: 1.2874603271484375e-05

0: 736x1280 278 icons, 17.0ms
Speed: 4.1ms preprocess, 17.0ms inference, 1.0ms postprocess per image at shape (1, 3, 736, 1280)
len(filtered_boxes): 262 68
time to get parsed content: 1.1205673217773438e-05

0: 736x1280 280 icons, 12.9ms
Speed: 4.1ms preprocess, 12.9ms inference, 1.0ms postprocess per image at shape (1, 3, 736, 1280)
len(filtered_boxes): 263 70
time to get parsed content: 1.2159347534179688e-05

0: 736x1280 277 icons, 15.4ms
Speed: 4.1ms preprocess, 15.4ms inference, 4.3ms postprocess per image at shape (1, 3, 736, 1280)
len(filtered_boxes): 262 70
time to get parsed content: 1.1682510375976562e-05

0: 736x1280 273 icons, 18.2ms
Speed: 4.4ms preprocess, 18.2ms inference, 4.2ms postprocess per image at shape (1, 3, 736, 1280)
len(filtered_boxes): 260 70
time to get parsed content: 1.1444091796875e-05

0: 736x1280 282 icons, 18.3ms
Speed: 4.0ms preprocess, 18.3ms inference, 4.4ms postprocess per image at shape (1, 3, 736, 1280)
len(filtered_boxes): 269 76
time to get parsed content: 1.3113021850585938e-05

0: 736x1280 279 icons, 12.9ms
Speed: 4.1ms preprocess, 12.9ms inference, 1.0ms postprocess per image at shape (1, 3, 736, 1280)
len(filtered_boxes): 261 65
time to get parsed content: 1.1920928955078125e-05

0: 736x1280 275 icons, 12.9ms
Speed: 4.1ms preprocess, 12.9ms inference, 1.0ms postprocess per image at shape (1, 3, 736, 1280)
len(filtered_boxes): 263 75
time to get parsed content: 1.3113021850585938e-05

0: 736x1280 271 icons, 12.9ms
Speed: 4.1ms preprocess, 12.9ms inference, 1.0ms postprocess per image at shape (1, 3, 736, 1280)
len(filtered_boxes): 251 73
time to get parsed content: 1.33514404296875e-05

0: 736x1280 272 icons, 12.9ms
Speed: 4.1ms preprocess, 12.9ms inference, 1.0ms postprocess per image at shape (1, 3, 736, 1280)
len(filtered_boxes): 254 78
time to get parsed content: 1.7404556274414062e-05

0: 736x1280 276 icons, 16.5ms
Speed: 4.9ms preprocess, 16.5ms inference, 3.9ms postprocess per image at shape (1, 3, 736, 1280)
len(filtered_boxes): 260 74
time to get parsed content: 1.239776611328125e-05

0: 736x1280 269 icons, 12.9ms
Speed: 4.1ms preprocess, 12.9ms inference, 1.0ms postprocess per image at shape (1, 3, 736, 1280)
len(filtered_boxes): 261 79
time to get parsed content: 1.4066696166992188e-05

0: 736x1280 275 icons, 13.2ms
Speed: 4.1ms preprocess, 13.2ms inference, 1.2ms postprocess per image at shape (1, 3, 736, 1280)
len(filtered_boxes): 260 78
time to get parsed content: 1.2636184692382812e-05

0: 736x1280 266 icons, 12.9ms
Speed: 4.1ms preprocess, 12.9ms inference, 1.0ms postprocess per image at shape (1, 3, 736, 1280)
len(filtered_boxes): 254 71
time to get parsed content: 1.2159347534179688e-05

0: 736x1280 266 icons, 12.9ms
Speed: 4.2ms preprocess, 12.9ms inference, 1.0ms postprocess per image at shape (1, 3, 736, 1280)
len(filtered_boxes): 257 76
time to get parsed content: 1.33514404296875e-05

0: 736x1280 269 icons, 12.9ms
Speed: 4.1ms preprocess, 12.9ms inference, 1.0ms postprocess per image at shape (1, 3, 736, 1280)
len(filtered_boxes): 271 75
time to get parsed content: 1.2874603271484375e-05

0: 736x1280 272 icons, 12.9ms
Speed: 4.1ms preprocess, 12.9ms inference, 1.0ms postprocess per image at shape (1, 3, 736, 1280)
len(filtered_boxes): 273 72
time to get parsed content: 1.1920928955078125e-05

0: 736x1280 276 icons, 12.9ms
Speed: 4.1ms preprocess, 12.9ms inference, 1.0ms postprocess per image at shape (1, 3, 736, 1280)
len(filtered_boxes): 260 72
time to get parsed content: 1.1682510375976562e-05

0: 736x1280 273 icons, 12.9ms
Speed: 4.1ms preprocess, 12.9ms inference, 1.0ms postprocess per image at shape (1, 3, 736, 1280)
len(filtered_boxes): 265 70
time to get parsed content: 1.3828277587890625e-05

0: 736x1280 277 icons, 16.8ms
Speed: 4.9ms preprocess, 16.8ms inference, 4.4ms postprocess per image at shape (1, 3, 736, 1280)
len(filtered_boxes): 260 77
time to get parsed content: 1.5020370483398438e-05

0: 736x1280 277 icons, 13.1ms
Speed: 4.1ms preprocess, 13.1ms inference, 1.0ms postprocess per image at shape (1, 3, 736, 1280)
len(filtered_boxes): 261 77
time to get parsed content: 1.2874603271484375e-05

0: 736x1280 274 icons, 18.0ms
Speed: 4.2ms preprocess, 18.0ms inference, 2.8ms postprocess per image at shape (1, 3, 736, 1280)
len(filtered_boxes): 251 67
time to get parsed content: 1.1444091796875e-05

0: 736x1280 266 icons, 13.1ms
Speed: 4.2ms preprocess, 13.1ms inference, 1.0ms postprocess per image at shape (1, 3, 736, 1280)
len(filtered_boxes): 248 74
time to get parsed content: 1.2159347534179688e-05

0: 736x1280 266 icons, 12.9ms
Speed: 4.1ms preprocess, 12.9ms inference, 1.0ms postprocess per image at shape (1, 3, 736, 1280)
len(filtered_boxes): 251 79
time to get parsed content: 1.3828277587890625e-05

0: 736x1280 268 icons, 18.1ms
Speed: 4.1ms preprocess, 18.1ms inference, 1.0ms postprocess per image at shape (1, 3, 736, 1280)
len(filtered_boxes): 250 79
time to get parsed content: 1.3113021850585938e-05

0: 736x1280 273 icons, 18.2ms
Speed: 4.1ms preprocess, 18.2ms inference, 4.6ms postprocess per image at shape (1, 3, 736, 1280)
len(filtered_boxes): 256 76
time to get parsed content: 1.3113021850585938e-05

0: 736x1280 270 icons, 12.9ms
Speed: 4.1ms preprocess, 12.9ms inference, 1.0ms postprocess per image at shape (1, 3, 736, 1280)
len(filtered_boxes): 253 68
time to get parsed content: 1.0251998901367188e-05

0: 736x1280 272 icons, 12.9ms
Speed: 4.1ms preprocess, 12.9ms inference, 1.0ms postprocess per image at shape (1, 3, 736, 1280)
len(filtered_boxes): 252 70
time to get parsed content: 1.52587890625e-05

0: 736x1280 268 icons, 16.3ms
Speed: 4.1ms preprocess, 16.3ms inference, 4.2ms postprocess per image at shape (1, 3, 736, 1280)
len(filtered_boxes): 245 69
time to get parsed content: 1.239776611328125e-05

0: 736x1280 270 icons, 18.1ms
Speed: 4.0ms preprocess, 18.1ms inference, 3.0ms postprocess per image at shape (1, 3, 736, 1280)
len(filtered_boxes): 247 69
time to get parsed content: 1.2159347534179688e-05

0: 736x1280 267 icons, 12.9ms
Speed: 4.1ms preprocess, 12.9ms inference, 1.0ms postprocess per image at shape (1, 3, 736, 1280)
len(filtered_boxes): 246 64
time to get parsed content: 1.1682510375976562e-05

0: 736x1280 265 icons, 28.9ms
Speed: 4.2ms preprocess, 28.9ms inference, 9.6ms postprocess per image at shape (1, 3, 736, 1280)
len(filtered_boxes): 244 65
time to get parsed content: 1.049041748046875e-05

0: 736x1280 279 icons, 12.9ms
Speed: 4.1ms preprocess, 12.9ms inference, 1.0ms postprocess per image at shape (1, 3, 736, 1280)
len(filtered_boxes): 261 67
time to get parsed content: 9.775161743164062e-06

0: 736x1280 275 icons, 12.9ms
Speed: 4.1ms preprocess, 12.9ms inference, 1.0ms postprocess per image at shape (1, 3, 736, 1280)
len(filtered_boxes): 257 67
time to get parsed content: 1.1205673217773438e-05

0: 736x1280 272 icons, 12.9ms
Speed: 4.1ms preprocess, 12.9ms inference, 1.0ms postprocess per image at shape (1, 3, 736, 1280)
len(filtered_boxes): 258 69
time to get parsed content: 1.239776611328125e-05

0: 736x1280 272 icons, 13.6ms
Speed: 4.1ms preprocess, 13.6ms inference, 2.0ms postprocess per image at shape (1, 3, 736, 1280)
len(filtered_boxes): 251 65
time to get parsed content: 1.1920928955078125e-05

0: 736x1280 274 icons, 12.9ms
Speed: 4.1ms preprocess, 12.9ms inference, 1.0ms postprocess per image at shape (1, 3, 736, 1280)
len(filtered_boxes): 258 71
time to get parsed content: 1.1682510375976562e-05

0: 736x1280 276 icons, 12.9ms
Speed: 4.1ms preprocess, 12.9ms inference, 1.0ms postprocess per image at shape (1, 3, 736, 1280)
len(filtered_boxes): 259 64
time to get parsed content: 1.1205673217773438e-05
600 frames, t=599.0s, 0.18 frames/s

0: 736x1280 272 icons, 12.9ms
Speed: 4.3ms preprocess, 12.9ms inference, 1.0ms postprocess per image at shape (1, 3, 736, 1280)
len(filtered_boxes): 256 61
time to get parsed content: 1.049041748046875e-05

0: 736x1280 267 icons, 18.3ms
Speed: 4.3ms preprocess, 18.3ms inference, 4.1ms postprocess per image at shape (1, 3, 736, 1280)
len(filtered_boxes): 250 64
time to get parsed content: 1.049041748046875e-05

0: 736x1280 266 icons, 12.9ms
Speed: 4.1ms preprocess, 12.9ms inference, 1.0ms postprocess per image at shape (1, 3, 736, 1280)
len(filtered_boxes): 246 63
time to get parsed content: 1.2636184692382812e-05

0: 736x1280 269 icons, 12.9ms
Speed: 4.1ms preprocess, 12.9ms inference, 1.0ms postprocess per image at shape (1, 3, 736, 1280)
len(filtered_boxes): 261 71
time to get parsed content: 1.239776611328125e-05

0: 736x1280 274 icons, 18.1ms
Speed: 4.1ms preprocess, 18.1ms inference, 4.2ms postprocess per image at shape (1, 3, 736, 1280)
len(filtered_boxes): 256 65
time to get parsed content: 1.1444091796875e-05

0: 736x1280 274 icons, 14.6ms
Speed: 4.0ms preprocess, 14.6ms inference, 4.5ms postprocess per image at shape (1, 3, 736, 1280)
len(filtered_boxes): 263 72
time to get parsed content: 1.2636184692382812e-05

0: 736x1280 281 icons, 12.9ms
Speed: 4.1ms preprocess, 12.9ms inference, 1.0ms postprocess per image at shape (1, 3, 736, 1280)
len(filtered_boxes): 267 68
time to get parsed content: 1.239776611328125e-05

0: 736x1280 276 icons, 12.9ms
Speed: 4.3ms preprocess, 12.9ms inference, 1.0ms postprocess per image at shape (1, 3, 736, 1280)
len(filtered_boxes): 268 72
time to get parsed content: 1.239776611328125e-05

0: 736x1280 283 icons, 16.5ms
Speed: 6.4ms preprocess, 16.5ms inference, 4.4ms postprocess per image at shape (1, 3, 736, 1280)
len(filtered_boxes): 260 70
time to get parsed content: 1.2636184692382812e-05

0: 736x1280 279 icons, 14.4ms
Speed: 4.1ms preprocess, 14.4ms inference, 4.4ms postprocess per image at shape (1, 3, 736, 1280)
len(filtered_boxes): 274 71
time to get parsed content: 1.3589859008789062e-05

0: 736x1280 275 icons, 12.9ms
Speed: 4.1ms preprocess, 12.9ms inference, 1.0ms postprocess per image at shape (1, 3, 736, 1280)
len(filtered_boxes): 280 86
time to get parsed content: 1.3828277587890625e-05

0: 736x1280 262 icons, 12.9ms
Speed: 4.1ms preprocess, 12.9ms inference, 1.0ms postprocess per image at shape (1, 3, 736, 1280)
len(filtered_boxes): 243 64
time to get parsed content: 1.0728836059570312e-05

0: 736x1280 267 icons, 12.9ms
Speed: 4.1ms preprocess, 12.9ms inference, 1.0ms postprocess per image at shape (1, 3, 736, 1280)
len(filtered_boxes): 249 68
time to get parsed content: 1.1920928955078125e-05

0: 736x1280 268 icons, 12.9ms
Speed: 4.3ms preprocess, 12.9ms inference, 1.0ms postprocess per image at shape (1, 3, 736, 1280)
len(filtered_boxes): 249 63
time to get parsed content: 1.1205673217773438e-05

0: 736x1280 262 icons, 18.2ms
Speed: 4.2ms preprocess, 18.2ms inference, 4.2ms postprocess per image at shape (1, 3, 736, 1280)
len(filtered_boxes): 266 83
time to get parsed content: 1.5974044799804688e-05

0: 736x1280 257 icons, 18.4ms
Speed: 4.1ms preprocess, 18.4ms inference, 4.2ms postprocess per image at shape (1, 3, 736, 1280)
len(filtered_boxes): 235 58
time to get parsed content: 1.1205673217773438e-05

0: 736x1280 269 icons, 12.9ms
Speed: 4.1ms preprocess, 12.9ms inference, 1.0ms postprocess per image at shape (1, 3, 736, 1280)
len(filtered_boxes): 248 64
time to get parsed content: 1.2636184692382812e-05

0: 736x1280 271 icons, 13.0ms
Speed: 4.1ms preprocess, 13.0ms inference, 1.0ms postprocess per image at shape (1, 3, 736, 1280)
len(filtered_boxes): 253 66
time to get parsed content: 1.2874603271484375e-05

0: 736x1280 260 icons, 12.9ms
Speed: 4.2ms preprocess, 12.9ms inference, 1.0ms postprocess per image at shape (1, 3, 736, 1280)
len(filtered_boxes): 266 84
time to get parsed content: 1.4781951904296875e-05

0: 736x1280 257 icons, 16.3ms
Speed: 4.3ms preprocess, 16.3ms inference, 4.2ms postprocess per image at shape (1, 3, 736, 1280)
len(filtered_boxes): 246 62
time to get parsed content: 1.0013580322265625e-05

0: 736x1280 257 icons, 18.1ms
Speed: 4.2ms preprocess, 18.1ms inference, 3.0ms postprocess per image at shape (1, 3, 736, 1280)
len(filtered_boxes): 236 60
time to get parsed content: 1.049041748046875e-05

0: 736x1280 258 icons, 12.9ms
Speed: 4.2ms preprocess, 12.9ms inference, 1.0ms postprocess per image at shape (1, 3, 736, 1280)
len(filtered_boxes): 247 61
time to get parsed content: 1.0728836059570312e-05

0: 736x1280 254 icons, 12.9ms
Speed: 4.1ms preprocess, 12.9ms inference, 1.0ms postprocess per image at shape (1, 3, 736, 1280)
len(filtered_boxes): 226 61
time to get parsed content: 1.0967254638671875e-05

0: 736x1280 271 icons, 14.4ms
Speed: 4.1ms preprocess, 14.4ms inference, 4.4ms postprocess per image at shape (1, 3, 736, 1280)
len(filtered_boxes): 250 66
time to get parsed content: 1.1920928955078125e-05

0: 736x1280 265 icons, 14.4ms
Speed: 4.1ms preprocess, 14.4ms inference, 2.3ms postprocess per image at shape (1, 3, 736, 1280)
len(filtered_boxes): 241 68
time to get parsed content: 1.2874603271484375e-05

0: 736x1280 263 icons, 12.9ms
Speed: 4.1ms preprocess, 12.9ms inference, 1.0ms postprocess per image at shape (1, 3, 736, 1280)
len(filtered_boxes): 255 65
time to get parsed content: 1.3589859008789062e-05

0: 736x1280 268 icons, 12.9ms
Speed: 4.2ms preprocess, 12.9ms inference, 1.0ms postprocess per image at shape (1, 3, 736, 1280)
len(filtered_boxes): 253 62
time to get parsed content: 1.0013580322265625e-05

0: 736x1280 269 icons, 12.9ms
Speed: 4.2ms preprocess, 12.9ms inference, 1.0ms postprocess per image at shape (1, 3, 736, 1280)
len(filtered_boxes): 257 71
time to get parsed content: 1.2874603271484375e-05

0: 736x1280 269 icons, 13.4ms
Speed: 4.0ms preprocess, 13.4ms inference, 1.2ms postprocess per image at shape (1, 3, 736, 1280)
len(filtered_boxes): 249 64
time to get parsed content: 1.239776611328125e-05

0: 736x1280 271 icons, 12.9ms
Speed: 4.3ms preprocess, 12.9ms inference, 1.0ms postprocess per image at shape (1, 3, 736, 1280)
len(filtered_boxes): 255 65
time to get parsed content: 1.1205673217773438e-05

0: 736x1280 269 icons, 12.9ms
Speed: 4.1ms preprocess, 12.9ms inference, 1.0ms postprocess per image at shape (1, 3, 736, 1280)
len(filtered_boxes): 250 65
time to get parsed content: 1.1920928955078125e-05

0: 736x1280 269 icons, 12.9ms
Speed: 4.1ms preprocess, 12.9ms inference, 1.0ms postprocess per image at shape (1, 3, 736, 1280)
len(filtered_boxes): 258 65
time to get parsed content: 1.1205673217773438e-05

0: 736x1280 263 icons, 12.9ms
Speed: 4.2ms preprocess, 12.9ms inference, 1.0ms postprocess per image at shape (1, 3, 736, 1280)
len(filtered_boxes): 266 80
time to get parsed content: 1.33514404296875e-05

0: 736x1280 259 icons, 16.1ms
Speed: 4.2ms preprocess, 16.1ms inference, 4.3ms postprocess per image at shape (1, 3, 736, 1280)
len(filtered_boxes): 240 66
time to get parsed content: 1.1682510375976562e-05

0: 736x1280 254 icons, 12.9ms
Speed: 4.1ms preprocess, 12.9ms inference, 1.0ms postprocess per image at shape (1, 3, 736, 1280)
len(filtered_boxes): 260 71
time to get parsed content: 1.1920928955078125e-05

0: 736x1280 260 icons, 18.1ms
Speed: 4.0ms preprocess, 18.1ms inference, 4.6ms postprocess per image at shape (1, 3, 736, 1280)
len(filtered_boxes): 237 65
time to get parsed content: 1.1682510375976562e-05

0: 736x1280 259 icons, 16.6ms
Speed: 5.8ms preprocess, 16.6ms inference, 4.3ms postprocess per image at shape (1, 3, 736, 1280)
len(filtered_boxes): 240 64
time to get parsed content: 1.0728836059570312e-05

0: 736x1280 278 icons, 12.9ms
Speed: 4.1ms preprocess, 12.9ms inference, 1.0ms postprocess per image at shape (1, 3, 736, 1280)
len(filtered_boxes): 257 66
time to get parsed content: 1.2159347534179688e-05

0: 736x1280 275 icons, 12.9ms
Speed: 4.2ms preprocess, 12.9ms inference, 1.0ms postprocess per image at shape (1, 3, 736, 1280)
len(filtered_boxes): 251 68
time to get parsed content: 1.1205673217773438e-05

0: 736x1280 273 icons, 13.3ms
Speed: 5.8ms preprocess, 13.3ms inference, 1.0ms postprocess per image at shape (1, 3, 736, 1280)
len(filtered_boxes): 251 71
time to get parsed content: 1.3589859008789062e-05

0: 736x1280 269 icons, 16.1ms
Speed: 4.4ms preprocess, 16.1ms inference, 4.1ms postprocess per image at shape (1, 3, 736, 1280)
len(filtered_boxes): 262 74
time to get parsed content: 1.5020370483398438e-05

0: 736x1280 275 icons, 12.9ms
Speed: 4.1ms preprocess, 12.9ms inference, 1.1ms postprocess per image at shape (1, 3, 736, 1280)
len(filtered_boxes): 259 66
time to get parsed content: 1.1205673217773438e-05

0: 736x1280 275 icons, 12.9ms
Speed: 4.1ms preprocess, 12.9ms inference, 1.0ms postprocess per image at shape (1, 3, 736, 1280)
len(filtered_boxes): 267 73
time to get parsed content: 1.2874603271484375e-05

0: 736x1280 274 icons, 12.9ms
Speed: 4.2ms preprocess, 12.9ms inference, 1.0ms postprocess per image at shape (1, 3, 736, 1280)
len(filtered_boxes): 263 70
time to get parsed content: 1.3828277587890625e-05

0: 736x1280 269 icons, 12.9ms
Speed: 4.3ms preprocess, 12.9ms inference, 1.0ms postprocess per image at shape (1, 3, 736, 1280)
len(filtered_boxes): 260 73
time to get parsed content: 1.1444091796875e-05

0: 736x1280 275 icons, 12.9ms
Speed: 4.0ms preprocess, 12.9ms inference, 1.0ms postprocess per image at shape (1, 3, 736, 1280)
len(filtered_boxes): 261 66
time to get parsed content: 1.1920928955078125e-05

0: 736x1280 275 icons, 12.9ms
Speed: 4.1ms preprocess, 12.9ms inference, 1.0ms postprocess per image at shape (1, 3, 736, 1280)
len(filtered_boxes): 262 68
time to get parsed content: 1.2636184692382812e-05

0: 736x1280 273 icons, 18.2ms
Speed: 4.2ms preprocess, 18.2ms inference, 3.0ms postprocess per image at shape (1, 3, 736, 1280)
len(filtered_boxes): 265 70
time to get parsed content: 1.1682510375976562e-05

0: 736x1280 276 icons, 12.9ms
Speed: 4.1ms preprocess, 12.9ms inference, 1.0ms postprocess per image at shape (1, 3, 736, 1280)
len(filtered_boxes): 255 67
time to get parsed content: 1.1920928955078125e-05

0: 736x1280 272 icons, 12.9ms
Speed: 4.3ms preprocess, 12.9ms inference, 1.0ms postprocess per image at shape (1, 3, 736, 1280)
len(filtered_boxes): 264 75
time to get parsed content: 1.4543533325195312e-05
650 frames, t=649.0s, 0.18 frames/s

0: 736x1280 276 icons, 15.4ms
Speed: 4.1ms preprocess, 15.4ms inference, 4.4ms postprocess per image at shape (1, 3, 736, 1280)
len(filtered_boxes): 258 68
time to get parsed content: 1.1444091796875e-05

0: 736x1280 264 icons, 12.9ms
Speed: 4.1ms preprocess, 12.9ms inference, 1.0ms postprocess per image at shape (1, 3, 736, 1280)
len(filtered_boxes): 268 84
time to get parsed content: 1.5497207641601562e-05

0: 736x1280 259 icons, 16.2ms
Speed: 4.1ms preprocess, 16.2ms inference, 1.0ms postprocess per image at shape (1, 3, 736, 1280)
len(filtered_boxes): 241 63
time to get parsed content: 1.239776611328125e-05

0: 736x1280 272 icons, 12.9ms
Speed: 4.0ms preprocess, 12.9ms inference, 1.0ms postprocess per image at shape (1, 3, 736, 1280)
len(filtered_boxes): 253 66
time to get parsed content: 1.3113021850585938e-05

0: 736x1280 270 icons, 12.9ms
Speed: 4.1ms preprocess, 12.9ms inference, 1.0ms postprocess per image at shape (1, 3, 736, 1280)
len(filtered_boxes): 248 70
time to get parsed content: 1.239776611328125e-05

0: 736x1280 270 icons, 12.9ms
Speed: 4.1ms preprocess, 12.9ms inference, 1.0ms postprocess per image at shape (1, 3, 736, 1280)
len(filtered_boxes): 250 66
time to get parsed content: 1.2874603271484375e-05

0: 736x1280 277 icons, 12.9ms
Speed: 4.3ms preprocess, 12.9ms inference, 1.0ms postprocess per image at shape (1, 3, 736, 1280)
len(filtered_boxes): 259 67
time to get parsed content: 1.0728836059570312e-05

0: 736x1280 274 icons, 16.5ms
Speed: 4.1ms preprocess, 16.5ms inference, 1.0ms postprocess per image at shape (1, 3, 736, 1280)
len(filtered_boxes): 254 66
time to get parsed content: 1.1920928955078125e-05

0: 736x1280 273 icons, 12.9ms
Speed: 4.1ms preprocess, 12.9ms inference, 1.0ms postprocess per image at shape (1, 3, 736, 1280)
len(filtered_boxes): 251 64
time to get parsed content: 1.1205673217773438e-05

0: 736x1280 271 icons, 12.9ms
Speed: 4.1ms preprocess, 12.9ms inference, 1.0ms postprocess per image at shape (1, 3, 736, 1280)
len(filtered_boxes): 252 66
time to get parsed content: 1.3113021850585938e-05

0: 736x1280 278 icons, 12.9ms
Speed: 4.1ms preprocess, 12.9ms inference, 1.0ms postprocess per image at shape (1, 3, 736, 1280)
len(filtered_boxes): 255 71
time to get parsed content: 1.33514404296875e-05

0: 736x1280 274 icons, 12.9ms
Speed: 4.1ms preprocess, 12.9ms inference, 1.0ms postprocess per image at shape (1, 3, 736, 1280)
len(filtered_boxes): 254 73
time to get parsed content: 1.1920928955078125e-05

0: 736x1280 274 icons, 25.6ms
Speed: 4.3ms preprocess, 25.6ms inference, 9.6ms postprocess per image at shape (1, 3, 736, 1280)
len(filtered_boxes): 256 69
time to get parsed content: 1.0967254638671875e-05

0: 736x1280 278 icons, 12.9ms
Speed: 4.1ms preprocess, 12.9ms inference, 1.0ms postprocess per image at shape (1, 3, 736, 1280)
len(filtered_boxes): 258 68
time to get parsed content: 1.2159347534179688e-05

0: 736x1280 272 icons, 12.9ms
Speed: 4.0ms preprocess, 12.9ms inference, 1.0ms postprocess per image at shape (1, 3, 736, 1280)
len(filtered_boxes): 258 68
time to get parsed content: 1.0967254638671875e-05

0: 736x1280 272 icons, 12.9ms
Speed: 4.1ms preprocess, 12.9ms inference, 1.0ms postprocess per image at shape (1, 3, 736, 1280)
len(filtered_boxes): 265 73
time to get parsed content: 1.0967254638671875e-05

0: 736x1280 273 icons, 18.0ms
Speed: 4.2ms preprocess, 18.0ms inference, 2.9ms postprocess per image at shape (1, 3, 736, 1280)
len(filtered_boxes): 257 68
time to get parsed content: 1.1920928955078125e-05

0: 736x1280 271 icons, 18.1ms
Speed: 4.1ms preprocess, 18.1ms inference, 4.7ms postprocess per image at shape (1, 3, 736, 1280)
len(filtered_boxes): 265 76
time to get parsed content: 1.2636184692382812e-05

0: 736x1280 276 icons, 13.2ms
Speed: 4.1ms preprocess, 13.2ms inference, 1.0ms postprocess per image at shape (1, 3, 736, 1280)
len(filtered_boxes): 259 70
time to get parsed content: 1.2636184692382812e-05

0: 736x1280 278 icons, 12.9ms
Speed: 4.1ms preprocess, 12.9ms inference, 1.0ms postprocess per image at shape (1, 3, 736, 1280)
len(filtered_boxes): 263 69
time to get parsed content: 1.2874603271484375e-05

0: 736x1280 275 icons, 16.3ms
Speed: 4.1ms preprocess, 16.3ms inference, 4.0ms postprocess per image at shape (1, 3, 736, 1280)
len(filtered_boxes): 257 66
time to get parsed content: 1.1682510375976562e-05

0: 736x1280 275 icons, 16.2ms
Speed: 4.4ms preprocess, 16.2ms inference, 4.0ms postprocess per image at shape (1, 3, 736, 1280)
len(filtered_boxes): 258 74
time to get parsed content: 1.2874603271484375e-05

0: 736x1280 278 icons, 12.9ms
Speed: 4.2ms preprocess, 12.9ms inference, 1.0ms postprocess per image at shape (1, 3, 736, 1280)
len(filtered_boxes): 255 76
time to get parsed content: 1.4066696166992188e-05

0: 736x1280 265 icons, 12.9ms
Speed: 4.1ms preprocess, 12.9ms inference, 1.0ms postprocess per image at shape (1, 3, 736, 1280)
len(filtered_boxes): 266 86
time to get parsed content: 1.430511474609375e-05

0: 736x1280 264 icons, 18.1ms
Speed: 4.0ms preprocess, 18.1ms inference, 4.6ms postprocess per image at shape (1, 3, 736, 1280)
len(filtered_boxes): 245 66
time to get parsed content: 1.1682510375976562e-05

0: 736x1280 261 icons, 12.9ms
Speed: 4.1ms preprocess, 12.9ms inference, 1.0ms postprocess per image at shape (1, 3, 736, 1280)
len(filtered_boxes): 248 69
time to get parsed content: 1.3828277587890625e-05

0: 736x1280 258 icons, 12.9ms
Speed: 4.2ms preprocess, 12.9ms inference, 1.1ms postprocess per image at shape (1, 3, 736, 1280)
len(filtered_boxes): 262 76
time to get parsed content: 1.3828277587890625e-05

0: 736x1280 264 icons, 12.9ms
Speed: 4.1ms preprocess, 12.9ms inference, 1.0ms postprocess per image at shape (1, 3, 736, 1280)
len(filtered_boxes): 238 58
time to get parsed content: 9.298324584960938e-06

0: 736x1280 262 icons, 16.5ms
Speed: 4.9ms preprocess, 16.5ms inference, 4.4ms postprocess per image at shape (1, 3, 736, 1280)
len(filtered_boxes): 246 66
time to get parsed content: 1.1205673217773438e-05

0: 736x1280 264 icons, 12.9ms
Speed: 4.1ms preprocess, 12.9ms inference, 1.0ms postprocess per image at shape (1, 3, 736, 1280)
len(filtered_boxes): 259 76
time to get parsed content: 1.2159347534179688e-05

0: 736x1280 250 icons, 16.0ms
Speed: 4.2ms preprocess, 16.0ms inference, 3.6ms postprocess per image at shape (1, 3, 736, 1280)
len(filtered_boxes): 257 79
time to get parsed content: 1.3589859008789062e-05

0: 736x1280 256 icons, 12.9ms
Speed: 4.1ms preprocess, 12.9ms inference, 1.0ms postprocess per image at shape (1, 3, 736, 1280)
len(filtered_boxes): 258 78
time to get parsed content: 1.3589859008789062e-05

0: 736x1280 258 icons, 12.9ms
Speed: 4.2ms preprocess, 12.9ms inference, 1.0ms postprocess per image at shape (1, 3, 736, 1280)
len(filtered_boxes): 264 78
time to get parsed content: 1.33514404296875e-05

0: 736x1280 260 icons, 14.4ms
Speed: 4.1ms preprocess, 14.4ms inference, 2.2ms postprocess per image at shape (1, 3, 736, 1280)
len(filtered_boxes): 263 76
time to get parsed content: 1.3589859008789062e-05

0: 736x1280 264 icons, 16.0ms
Speed: 4.4ms preprocess, 16.0ms inference, 4.0ms postprocess per image at shape (1, 3, 736, 1280)
len(filtered_boxes): 245 61
time to get parsed content: 1.1682510375976562e-05

0: 736x1280 269 icons, 12.9ms
Speed: 4.1ms preprocess, 12.9ms inference, 1.0ms postprocess per image at shape (1, 3, 736, 1280)
len(filtered_boxes): 255 61
time to get parsed content: 1.3113021850585938e-05

0: 736x1280 266 icons, 12.9ms
Speed: 4.1ms preprocess, 12.9ms inference, 1.0ms postprocess per image at shape (1, 3, 736, 1280)
len(filtered_boxes): 250 62
time to get parsed content: 1.1205673217773438e-05

0: 736x1280 265 icons, 12.9ms
Speed: 4.2ms preprocess, 12.9ms inference, 1.0ms postprocess per image at shape (1, 3, 736, 1280)
len(filtered_boxes): 249 66
time to get parsed content: 1.1682510375976562e-05

0: 736x1280 261 icons, 13.1ms
Speed: 4.2ms preprocess, 13.1ms inference, 1.0ms postprocess per image at shape (1, 3, 736, 1280)
len(filtered_boxes): 252 66
time to get parsed content: 1.0728836059570312e-05

0: 736x1280 267 icons, 16.2ms
Speed: 4.2ms preprocess, 16.2ms inference, 4.1ms postprocess per image at shape (1, 3, 736, 1280)
len(filtered_boxes): 251 72
time to get parsed content: 1.1205673217773438e-05

0: 736x1280 272 icons, 16.5ms
Speed: 4.9ms preprocess, 16.5ms inference, 3.7ms postprocess per image at shape (1, 3, 736, 1280)
len(filtered_boxes): 254 62
time to get parsed content: 1.1920928955078125e-05

0: 736x1280 273 icons, 12.9ms
Speed: 4.1ms preprocess, 12.9ms inference, 1.0ms postprocess per image at shape (1, 3, 736, 1280)
len(filtered_boxes): 256 62
time to get parsed content: 1.1205673217773438e-05

0: 736x1280 262 icons, 12.9ms
Speed: 4.1ms preprocess, 12.9ms inference, 1.0ms postprocess per image at shape (1, 3, 736, 1280)
len(filtered_boxes): 240 64
time to get parsed content: 1.1682510375976562e-05

0: 736x1280 282 icons, 12.9ms
Speed: 4.1ms preprocess, 12.9ms inference, 1.0ms postprocess per image at shape (1, 3, 736, 1280)
len(filtered_boxes): 263 67
time to get parsed content: 1.1682510375976562e-05

0: 736x1280 282 icons, 15.8ms
Speed: 4.3ms preprocess, 15.8ms inference, 1.2ms postprocess per image at shape (1, 3, 736, 1280)
len(filtered_boxes): 259 70
time to get parsed content: 1.1444091796875e-05

0: 736x1280 287 icons, 12.9ms
Speed: 4.1ms preprocess, 12.9ms inference, 1.0ms postprocess per image at shape (1, 3, 736, 1280)
len(filtered_boxes): 264 67
time to get parsed content: 1.1205673217773438e-05

0: 736x1280 283 icons, 12.9ms
Speed: 4.2ms preprocess, 12.9ms inference, 1.0ms postprocess per image at shape (1, 3, 736, 1280)
len(filtered_boxes): 259 64
time to get parsed content: 1.2159347534179688e-05

0: 736x1280 281 icons, 12.9ms
Speed: 4.3ms preprocess, 12.9ms inference, 1.0ms postprocess per image at shape (1, 3, 736, 1280)
len(filtered_boxes): 258 72
time to get parsed content: 1.3113021850585938e-05

0: 736x1280 276 icons, 12.9ms
Speed: 4.1ms preprocess, 12.9ms inference, 1.0ms postprocess per image at shape (1, 3, 736, 1280)
len(filtered_boxes): 254 72
time to get parsed content: 1.430511474609375e-05

0: 736x1280 280 icons, 17.7ms
Speed: 4.0ms preprocess, 17.7ms inference, 2.9ms postprocess per image at shape (1, 3, 736, 1280)
len(filtered_boxes): 264 70
time to get parsed content: 1.33514404296875e-05
700 frames, t=699.0s, 0.18 frames/s

0: 736x1280 273 icons, 12.9ms
Speed: 4.2ms preprocess, 12.9ms inference, 1.0ms postprocess per image at shape (1, 3, 736, 1280)
len(filtered_boxes): 255 69
time to get parsed content: 1.0728836059570312e-05

0: 736x1280 272 icons, 12.9ms
Speed: 4.5ms preprocess, 12.9ms inference, 1.0ms postprocess per image at shape (1, 3, 736, 1280)
len(filtered_boxes): 257 71
time to get parsed content: 1.3828277587890625e-05

0: 736x1280 278 icons, 12.9ms
Speed: 4.2ms preprocess, 12.9ms inference, 1.0ms postprocess per image at shape (1, 3, 736, 1280)
len(filtered_boxes): 261 70
time to get parsed content: 1.2636184692382812e-05

0: 736x1280 277 icons, 15.6ms
Speed: 4.1ms preprocess, 15.6ms inference, 4.1ms postprocess per image at shape (1, 3, 736, 1280)
len(filtered_boxes): 259 70
time to get parsed content: 1.33514404296875e-05

0: 736x1280 282 icons, 12.9ms
Speed: 4.0ms preprocess, 12.9ms inference, 1.0ms postprocess per image at shape (1, 3, 736, 1280)
len(filtered_boxes): 263 71
time to get parsed content: 1.33514404296875e-05

0: 736x1280 286 icons, 14.4ms
Speed: 4.3ms preprocess, 14.4ms inference, 4.4ms postprocess per image at shape (1, 3, 736, 1280)
len(filtered_boxes): 265 71
time to get parsed content: 1.2159347534179688e-05

0: 736x1280 285 icons, 12.9ms
Speed: 4.1ms preprocess, 12.9ms inference, 1.0ms postprocess per image at shape (1, 3, 736, 1280)
len(filtered_boxes): 269 68
time to get parsed content: 1.2159347534179688e-05

0: 736x1280 281 icons, 12.9ms
Speed: 4.1ms preprocess, 12.9ms inference, 1.0ms postprocess per image at shape (1, 3, 736, 1280)
len(filtered_boxes): 261 67
time to get parsed content: 1.3589859008789062e-05

0: 736x1280 283 icons, 12.9ms
Speed: 4.2ms preprocess, 12.9ms inference, 1.0ms postprocess per image at shape (1, 3, 736, 1280)
len(filtered_boxes): 263 69
time to get parsed content: 1.2874603271484375e-05

0: 736x1280 284 icons, 12.9ms
Speed: 4.1ms preprocess, 12.9ms inference, 1.0ms postprocess per image at shape (1, 3, 736, 1280)
len(filtered_boxes): 262 72
time to get parsed content: 1.3828277587890625e-05

0: 736x1280 279 icons, 18.3ms
Speed: 4.1ms preprocess, 18.3ms inference, 4.3ms postprocess per image at shape (1, 3, 736, 1280)
len(filtered_boxes): 266 71
time to get parsed content: 1.1920928955078125e-05

0: 736x1280 279 icons, 16.0ms
Speed: 4.2ms preprocess, 16.0ms inference, 4.1ms postprocess per image at shape (1, 3, 736, 1280)
len(filtered_boxes): 265 69
time to get parsed content: 1.2636184692382812e-05

0: 736x1280 281 icons, 18.3ms
Speed: 4.1ms preprocess, 18.3ms inference, 4.4ms postprocess per image at shape (1, 3, 736, 1280)
len(filtered_boxes): 258 68
time to get parsed content: 1.2159347534179688e-05

0: 736x1280 287 icons, 12.9ms
Speed: 4.1ms preprocess, 12.9ms inference, 1.0ms postprocess per image at shape (1, 3, 736, 1280)
len(filtered_boxes): 270 68
time to get parsed content: 1.239776611328125e-05

0: 736x1280 289 icons, 16.3ms
Speed: 4.1ms preprocess, 16.3ms inference, 4.4ms postprocess per image at shape (1, 3, 736, 1280)
len(filtered_boxes): 258 66
time to get parsed content: 1.239776611328125e-05

0: 736x1280 280 icons, 12.9ms
Speed: 4.0ms preprocess, 12.9ms inference, 1.0ms postprocess per image at shape (1, 3, 736, 1280)
len(filtered_boxes): 257 68
time to get parsed content: 1.1444091796875e-05

0: 736x1280 285 icons, 16.0ms
Speed: 4.2ms preprocess, 16.0ms inference, 4.1ms postprocess per image at shape (1, 3, 736, 1280)
len(filtered_boxes): 258 64
time to get parsed content: 1.0728836059570312e-05

0: 736x1280 284 icons, 12.9ms
Speed: 4.1ms preprocess, 12.9ms inference, 1.1ms postprocess per image at shape (1, 3, 736, 1280)
len(filtered_boxes): 263 67
time to get parsed content: 1.239776611328125e-05

0: 736x1280 283 icons, 18.1ms
Speed: 4.0ms preprocess, 18.1ms inference, 4.6ms postprocess per image at shape (1, 3, 736, 1280)
len(filtered_boxes): 259 67
time to get parsed content: 1.239776611328125e-05

0: 736x1280 282 icons, 12.9ms
Speed: 4.1ms preprocess, 12.9ms inference, 1.0ms postprocess per image at shape (1, 3, 736, 1280)
len(filtered_boxes): 256 66
time to get parsed content: 1.1920928955078125e-05

0: 736x1280 281 icons, 18.4ms
Speed: 4.1ms preprocess, 18.4ms inference, 1.0ms postprocess per image at shape (1, 3, 736, 1280)
len(filtered_boxes): 253 68
time to get parsed content: 1.3113021850585938e-05

0: 736x1280 281 icons, 12.9ms
Speed: 4.1ms preprocess, 12.9ms inference, 1.0ms postprocess per image at shape (1, 3, 736, 1280)
len(filtered_boxes): 258 70
time to get parsed content: 1.3113021850585938e-05

0: 736x1280 282 icons, 12.9ms
Speed: 4.1ms preprocess, 12.9ms inference, 1.0ms postprocess per image at shape (1, 3, 736, 1280)
len(filtered_boxes): 255 70
time to get parsed content: 1.239776611328125e-05

0: 736x1280 282 icons, 12.9ms
Speed: 4.0ms preprocess, 12.9ms inference, 1.0ms postprocess per image at shape (1, 3, 736, 1280)
len(filtered_boxes): 252 71
time to get parsed content: 1.33514404296875e-05

0: 736x1280 284 icons, 15.9ms
Speed: 4.3ms preprocess, 15.9ms inference, 4.2ms postprocess per image at shape (1, 3, 736, 1280)
len(filtered_boxes): 256 71
time to get parsed content: 1.4781951904296875e-05

0: 736x1280 282 icons, 17.8ms
Speed: 4.1ms preprocess, 17.8ms inference, 2.9ms postprocess per image at shape (1, 3, 736, 1280)
len(filtered_boxes): 263 73
time to get parsed content: 1.33514404296875e-05

0: 736x1280 276 icons, 17.9ms
Speed: 4.1ms preprocess, 17.9ms inference, 4.6ms postprocess per image at shape (1, 3, 736, 1280)
len(filtered_boxes): 259 73
time to get parsed content: 1.3828277587890625e-05

0: 736x1280 278 icons, 12.9ms
Speed: 4.3ms preprocess, 12.9ms inference, 1.0ms postprocess per image at shape (1, 3, 736, 1280)
len(filtered_boxes): 262 73
time to get parsed content: 1.3113021850585938e-05

0: 736x1280 278 icons, 12.9ms
Speed: 4.4ms preprocess, 12.9ms inference, 1.0ms postprocess per image at shape (1, 3, 736, 1280)
len(filtered_boxes): 260 73
time to get parsed content: 1.3113021850585938e-05

0: 736x1280 279 icons, 27.3ms
Speed: 6.2ms preprocess, 27.3ms inference, 9.6ms postprocess per image at shape (1, 3, 736, 1280)
len(filtered_boxes): 260 72
time to get parsed content: 1.1444091796875e-05

0: 736x1280 280 icons, 12.9ms
Speed: 4.1ms preprocess, 12.9ms inference, 1.0ms postprocess per image at shape (1, 3, 736, 1280)
len(filtered_boxes): 262 74
time to get parsed content: 1.239776611328125e-05

0: 736x1280 276 icons, 12.9ms
Speed: 4.0ms preprocess, 12.9ms inference, 1.0ms postprocess per image at shape (1, 3, 736, 1280)
len(filtered_boxes): 253 74
time to get parsed content: 1.1920928955078125e-05

0: 736x1280 280 icons, 15.6ms
Speed: 4.5ms preprocess, 15.6ms inference, 4.1ms postprocess per image at shape (1, 3, 736, 1280)
len(filtered_boxes): 260 73
time to get parsed content: 1.1444091796875e-05

0: 736x1280 283 icons, 12.9ms
Speed: 4.1ms preprocess, 12.9ms inference, 1.0ms postprocess per image at shape (1, 3, 736, 1280)
len(filtered_boxes): 264 74
time to get parsed content: 1.3113021850585938e-05

0: 736x1280 282 icons, 12.9ms
Speed: 4.3ms preprocess, 12.9ms inference, 1.0ms postprocess per image at shape (1, 3, 736, 1280)
len(filtered_boxes): 261 73
time to get parsed content: 1.3589859008789062e-05

0: 736x1280 282 icons, 12.9ms
Speed: 4.1ms preprocess, 12.9ms inference, 1.0ms postprocess per image at shape (1, 3, 736, 1280)
len(filtered_boxes): 260 75
time to get parsed content: 1.33514404296875e-05

0: 736x1280 282 icons, 16.0ms
Speed: 4.6ms preprocess, 16.0ms inference, 4.0ms postprocess per image at shape (1, 3, 736, 1280)
len(filtered_boxes): 260 75
time to get parsed content: 1.2874603271484375e-05

0: 736x1280 281 icons, 12.9ms
Speed: 4.2ms preprocess, 12.9ms inference, 1.0ms postprocess per image at shape (1, 3, 736, 1280)
len(filtered_boxes): 258 75
time to get parsed content: 1.2874603271484375e-05

0: 736x1280 277 icons, 12.9ms
Speed: 4.1ms preprocess, 12.9ms inference, 1.0ms postprocess per image at shape (1, 3, 736, 1280)
len(filtered_boxes): 260 77
time to get parsed content: 1.3828277587890625e-05

0: 736x1280 282 icons, 16.4ms
Speed: 4.9ms preprocess, 16.4ms inference, 4.2ms postprocess per image at shape (1, 3, 736, 1280)
len(filtered_boxes): 259 74
time to get parsed content: 1.4066696166992188e-05

0: 736x1280 277 icons, 12.9ms
Speed: 4.1ms preprocess, 12.9ms inference, 1.0ms postprocess per image at shape (1, 3, 736, 1280)
len(filtered_boxes): 259 76
time to get parsed content: 1.4066696166992188e-05

0: 736x1280 275 icons, 18.1ms
Speed: 4.1ms preprocess, 18.1ms inference, 4.7ms postprocess per image at shape (1, 3, 736, 1280)
len(filtered_boxes): 253 72
time to get parsed content: 1.430511474609375e-05

0: 736x1280 277 icons, 17.9ms
Speed: 4.1ms preprocess, 17.9ms inference, 2.8ms postprocess per image at shape (1, 3, 736, 1280)
len(filtered_boxes): 252 72
time to get parsed content: 1.1205673217773438e-05

0: 736x1280 280 icons, 18.0ms
Speed: 4.1ms preprocess, 18.0ms inference, 3.0ms postprocess per image at shape (1, 3, 736, 1280)
len(filtered_boxes): 260 72
time to get parsed content: 1.33514404296875e-05

0: 736x1280 279 icons, 12.9ms
Speed: 4.3ms preprocess, 12.9ms inference, 1.0ms postprocess per image at shape (1, 3, 736, 1280)
len(filtered_boxes): 259 72
time to get parsed content: 1.4066696166992188e-05

0: 736x1280 278 icons, 12.9ms
Speed: 4.1ms preprocess, 12.9ms inference, 1.0ms postprocess per image at shape (1, 3, 736, 1280)
len(filtered_boxes): 259 75
time to get parsed content: 1.3589859008789062e-05

0: 736x1280 278 icons, 15.6ms
Speed: 4.1ms preprocess, 15.6ms inference, 4.0ms postprocess per image at shape (1, 3, 736, 1280)
len(filtered_boxes): 259 73
time to get parsed content: 1.2874603271484375e-05

0: 736x1280 281 icons, 13.4ms
Speed: 4.1ms preprocess, 13.4ms inference, 1.2ms postprocess per image at shape (1, 3, 736, 1280)
len(filtered_boxes): 261 74
time to get parsed content: 1.3589859008789062e-05

0: 736x1280 280 icons, 12.9ms
Speed: 4.2ms preprocess, 12.9ms inference, 1.0ms postprocess per image at shape (1, 3, 736, 1280)
len(filtered_boxes): 259 75
time to get parsed content: 1.3113021850585938e-05

0: 736x1280 281 icons, 12.9ms
Speed: 4.3ms preprocess, 12.9ms inference, 1.0ms postprocess per image at shape (1, 3, 736, 1280)
len(filtered_boxes): 260 73
time to get parsed content: 1.33514404296875e-05
750 frames, t=749.0s, 0.18 frames/s

0: 736x1280 283 icons, 12.9ms
Speed: 4.1ms preprocess, 12.9ms inference, 1.0ms postprocess per image at shape (1, 3, 736, 1280)
len(filtered_boxes): 259 72
time to get parsed content: 1.430511474609375e-05

0: 736x1280 260 icons, 12.9ms
Speed: 4.2ms preprocess, 12.9ms inference, 1.0ms postprocess per image at shape (1, 3, 736, 1280)
len(filtered_boxes): 244 64
time to get parsed content: 1.1682510375976562e-05

0: 736x1280 265 icons, 17.7ms
Speed: 4.2ms preprocess, 17.7ms inference, 4.4ms postprocess per image at shape (1, 3, 736, 1280)
len(filtered_boxes): 254 69
time to get parsed content: 1.2159347534179688e-05

0: 736x1280 264 icons, 17.9ms
Speed: 4.1ms preprocess, 17.9ms inference, 1.0ms postprocess per image at shape (1, 3, 736, 1280)
len(filtered_boxes): 245 66
time to get parsed content: 1.3113021850585938e-05

0: 736x1280 261 icons, 15.7ms
Speed: 4.1ms preprocess, 15.7ms inference, 4.0ms postprocess per image at shape (1, 3, 736, 1280)
len(filtered_boxes): 241 62
time to get parsed content: 9.775161743164062e-06

0: 736x1280 262 icons, 12.9ms
Speed: 4.1ms preprocess, 12.9ms inference, 1.0ms postprocess per image at shape (1, 3, 736, 1280)
len(filtered_boxes): 236 59
time to get parsed content: 1.0251998901367188e-05

0: 736x1280 256 icons, 18.3ms
Speed: 4.1ms preprocess, 18.3ms inference, 4.6ms postprocess per image at shape (1, 3, 736, 1280)
len(filtered_boxes): 241 66
time to get parsed content: 1.1682510375976562e-05

0: 736x1280 267 icons, 15.4ms
Speed: 4.1ms preprocess, 15.4ms inference, 4.2ms postprocess per image at shape (1, 3, 736, 1280)
len(filtered_boxes): 243 61
time to get parsed content: 1.049041748046875e-05

0: 736x1280 264 icons, 13.1ms
Speed: 4.1ms preprocess, 13.1ms inference, 1.0ms postprocess per image at shape (1, 3, 736, 1280)
len(filtered_boxes): 254 67
time to get parsed content: 1.1682510375976562e-05

0: 736x1280 262 icons, 12.9ms
Speed: 4.1ms preprocess, 12.9ms inference, 1.0ms postprocess per image at shape (1, 3, 736, 1280)
len(filtered_boxes): 244 63
time to get parsed content: 1.1682510375976562e-05

0: 736x1280 268 icons, 18.1ms
Speed: 4.1ms preprocess, 18.1ms inference, 4.6ms postprocess per image at shape (1, 3, 736, 1280)
len(filtered_boxes): 249 61
time to get parsed content: 1.1444091796875e-05

0: 736x1280 267 icons, 18.1ms
Speed: 4.2ms preprocess, 18.1ms inference, 4.3ms postprocess per image at shape (1, 3, 736, 1280)
len(filtered_boxes): 250 62
time to get parsed content: 1.0728836059570312e-05

0: 736x1280 265 icons, 14.4ms
Speed: 4.2ms preprocess, 14.4ms inference, 2.1ms postprocess per image at shape (1, 3, 736, 1280)
len(filtered_boxes): 247 62
time to get parsed content: 1.1682510375976562e-05

0: 736x1280 263 icons, 12.9ms
Speed: 4.1ms preprocess, 12.9ms inference, 1.0ms postprocess per image at shape (1, 3, 736, 1280)
len(filtered_boxes): 243 65
time to get parsed content: 1.2636184692382812e-05

0: 736x1280 265 icons, 12.9ms
Speed: 4.2ms preprocess, 12.9ms inference, 1.0ms postprocess per image at shape (1, 3, 736, 1280)
len(filtered_boxes): 251 62
time to get parsed content: 1.0967254638671875e-05

0: 736x1280 264 icons, 12.9ms
Speed: 4.3ms preprocess, 12.9ms inference, 1.0ms postprocess per image at shape (1, 3, 736, 1280)
len(filtered_boxes): 249 61
time to get parsed content: 1.049041748046875e-05

0: 736x1280 263 icons, 16.3ms
Speed: 4.2ms preprocess, 16.3ms inference, 1.0ms postprocess per image at shape (1, 3, 736, 1280)
len(filtered_boxes): 249 61
time to get parsed content: 1.1205673217773438e-05

0: 736x1280 259 icons, 17.1ms
Speed: 4.1ms preprocess, 17.1ms inference, 1.0ms postprocess per image at shape (1, 3, 736, 1280)
len(filtered_boxes): 242 62
time to get parsed content: 1.1920928955078125e-05

0: 736x1280 268 icons, 13.1ms
Speed: 4.1ms preprocess, 13.1ms inference, 1.0ms postprocess per image at shape (1, 3, 736, 1280)
len(filtered_boxes): 253 62
time to get parsed content: 1.0251998901367188e-05

0: 736x1280 265 icons, 18.3ms
Speed: 4.1ms preprocess, 18.3ms inference, 3.0ms postprocess per image at shape (1, 3, 736, 1280)
len(filtered_boxes): 250 64
time to get parsed content: 1.1920928955078125e-05

0: 736x1280 271 icons, 12.9ms
Speed: 4.1ms preprocess, 12.9ms inference, 1.0ms postprocess per image at shape (1, 3, 736, 1280)
len(filtered_boxes): 256 66
time to get parsed content: 1.0967254638671875e-05

0: 736x1280 262 icons, 15.9ms
Speed: 4.1ms preprocess, 15.9ms inference, 4.1ms postprocess per image at shape (1, 3, 736, 1280)
len(filtered_boxes): 248 63
time to get parsed content: 1.1205673217773438e-05

0: 736x1280 261 icons, 12.9ms
Speed: 4.0ms preprocess, 12.9ms inference, 1.0ms postprocess per image at shape (1, 3, 736, 1280)
len(filtered_boxes): 244 59
time to get parsed content: 1.0728836059570312e-05

0: 736x1280 258 icons, 12.9ms
Speed: 4.1ms preprocess, 12.9ms inference, 1.0ms postprocess per image at shape (1, 3, 736, 1280)
len(filtered_boxes): 249 63
time to get parsed content: 1.1682510375976562e-05

0: 736x1280 266 icons, 12.9ms
Speed: 4.1ms preprocess, 12.9ms inference, 1.0ms postprocess per image at shape (1, 3, 736, 1280)
len(filtered_boxes): 245 63
time to get parsed content: 1.1920928955078125e-05

0: 736x1280 254 icons, 18.3ms
Speed: 4.4ms preprocess, 18.3ms inference, 4.6ms postprocess per image at shape (1, 3, 736, 1280)
len(filtered_boxes): 248 65
time to get parsed content: 1.1205673217773438e-05

0: 736x1280 269 icons, 15.9ms
Speed: 4.0ms preprocess, 15.9ms inference, 4.1ms postprocess per image at shape (1, 3, 736, 1280)
len(filtered_boxes): 254 64
time to get parsed content: 1.2159347534179688e-05

0: 736x1280 271 icons, 12.9ms
Speed: 4.1ms preprocess, 12.9ms inference, 1.0ms postprocess per image at shape (1, 3, 736, 1280)
len(filtered_boxes): 254 62
time to get parsed content: 1.1920928955078125e-05

0: 736x1280 266 icons, 18.1ms
Speed: 4.1ms preprocess, 18.1ms inference, 4.6ms postprocess per image at shape (1, 3, 736, 1280)
len(filtered_boxes): 248 61
time to get parsed content: 1.239776611328125e-05

0: 736x1280 259 icons, 12.9ms
Speed: 4.1ms preprocess, 12.9ms inference, 1.0ms postprocess per image at shape (1, 3, 736, 1280)
len(filtered_boxes): 247 65
time to get parsed content: 1.2159347534179688e-05

0: 736x1280 257 icons, 12.9ms
Speed: 4.1ms preprocess, 12.9ms inference, 1.0ms postprocess per image at shape (1, 3, 736, 1280)
len(filtered_boxes): 247 66
time to get parsed content: 1.1682510375976562e-05

0: 736x1280 263 icons, 13.1ms
Speed: 4.1ms preprocess, 13.1ms inference, 1.0ms postprocess per image at shape (1, 3, 736, 1280)
len(filtered_boxes): 244 63
time to get parsed content: 1.1205673217773438e-05

0: 736x1280 262 icons, 17.2ms
Speed: 4.3ms preprocess, 17.2ms inference, 1.0ms postprocess per image at shape (1, 3, 736, 1280)
len(filtered_boxes): 238 59
time to get parsed content: 1.0251998901367188e-05

0: 736x1280 266 icons, 14.6ms
Speed: 4.2ms preprocess, 14.6ms inference, 4.4ms postprocess per image at shape (1, 3, 736, 1280)
len(filtered_boxes): 253 59
time to get parsed content: 1.0013580322265625e-05

0: 736x1280 265 icons, 12.9ms
Speed: 4.1ms preprocess, 12.9ms inference, 1.0ms postprocess per image at shape (1, 3, 736, 1280)
len(filtered_boxes): 249 59
time to get parsed content: 1.1444091796875e-05

0: 736x1280 267 icons, 12.9ms
Speed: 4.1ms preprocess, 12.9ms inference, 1.0ms postprocess per image at shape (1, 3, 736, 1280)
len(filtered_boxes): 245 66
time to get parsed content: 1.2636184692382812e-05

0: 736x1280 266 icons, 12.9ms
Speed: 4.1ms preprocess, 12.9ms inference, 1.0ms postprocess per image at shape (1, 3, 736, 1280)
len(filtered_boxes): 279 74
time to get parsed content: 1.3828277587890625e-05

0: 736x1280 271 icons, 12.9ms
Speed: 4.3ms preprocess, 12.9ms inference, 1.0ms postprocess per image at shape (1, 3, 736, 1280)
len(filtered_boxes): 258 75
time to get parsed content: 1.2874603271484375e-05

0: 736x1280 279 icons, 12.9ms
Speed: 4.1ms preprocess, 12.9ms inference, 1.0ms postprocess per image at shape (1, 3, 736, 1280)
len(filtered_boxes): 255 67
time to get parsed content: 1.239776611328125e-05

0: 736x1280 282 icons, 12.9ms
Speed: 4.2ms preprocess, 12.9ms inference, 1.0ms postprocess per image at shape (1, 3, 736, 1280)
len(filtered_boxes): 257 65
time to get parsed content: 1.239776611328125e-05

0: 736x1280 271 icons, 18.1ms
Speed: 4.5ms preprocess, 18.1ms inference, 2.8ms postprocess per image at shape (1, 3, 736, 1280)
len(filtered_boxes): 252 68
time to get parsed content: 1.239776611328125e-05

0: 736x1280 265 icons, 12.9ms
Speed: 4.1ms preprocess, 12.9ms inference, 1.0ms postprocess per image at shape (1, 3, 736, 1280)
len(filtered_boxes): 242 60
time to get parsed content: 1.6689300537109375e-05

0: 736x1280 278 icons, 26.4ms
Speed: 5.7ms preprocess, 26.4ms inference, 9.6ms postprocess per image at shape (1, 3, 736, 1280)
len(filtered_boxes): 255 67
time to get parsed content: 1.0728836059570312e-05

0: 736x1280 275 icons, 12.9ms
Speed: 4.1ms preprocess, 12.9ms inference, 1.0ms postprocess per image at shape (1, 3, 736, 1280)
len(filtered_boxes): 251 67
time to get parsed content: 1.239776611328125e-05

0: 736x1280 275 icons, 12.9ms
Speed: 4.1ms preprocess, 12.9ms inference, 1.0ms postprocess per image at shape (1, 3, 736, 1280)
len(filtered_boxes): 253 65
time to get parsed content: 1.0728836059570312e-05

0: 736x1280 279 icons, 12.9ms
Speed: 4.3ms preprocess, 12.9ms inference, 1.0ms postprocess per image at shape (1, 3, 736, 1280)
len(filtered_boxes): 257 69
time to get parsed content: 1.1682510375976562e-05

0: 736x1280 273 icons, 12.9ms
Speed: 4.0ms preprocess, 12.9ms inference, 1.0ms postprocess per image at shape (1, 3, 736, 1280)
len(filtered_boxes): 253 69
time to get parsed content: 1.239776611328125e-05

0: 736x1280 278 icons, 18.1ms
Speed: 4.1ms preprocess, 18.1ms inference, 1.0ms postprocess per image at shape (1, 3, 736, 1280)
len(filtered_boxes): 259 71
time to get parsed content: 1.3113021850585938e-05

0: 736x1280 278 icons, 12.9ms
Speed: 4.6ms preprocess, 12.9ms inference, 1.0ms postprocess per image at shape (1, 3, 736, 1280)
len(filtered_boxes): 258 70
time to get parsed content: 1.2159347534179688e-05

0: 736x1280 271 icons, 12.9ms
Speed: 4.2ms preprocess, 12.9ms inference, 1.0ms postprocess per image at shape (1, 3, 736, 1280)
len(filtered_boxes): 252 70
time to get parsed content: 1.33514404296875e-05
800 frames, t=799.0s, 0.18 frames/s

0: 736x1280 276 icons, 16.3ms
Speed: 5.9ms preprocess, 16.3ms inference, 4.1ms postprocess per image at shape (1, 3, 736, 1280)
len(filtered_boxes): 254 71
time to get parsed content: 1.33514404296875e-05

0: 736x1280 279 icons, 12.9ms
Speed: 4.2ms preprocess, 12.9ms inference, 1.0ms postprocess per image at shape (1, 3, 736, 1280)
len(filtered_boxes): 254 70
time to get parsed content: 1.1920928955078125e-05

0: 736x1280 278 icons, 12.9ms
Speed: 4.1ms preprocess, 12.9ms inference, 1.0ms postprocess per image at shape (1, 3, 736, 1280)
len(filtered_boxes): 255 71
time to get parsed content: 1.2636184692382812e-05

0: 736x1280 270 icons, 12.9ms
Speed: 4.1ms preprocess, 12.9ms inference, 1.0ms postprocess per image at shape (1, 3, 736, 1280)
len(filtered_boxes): 244 71
time to get parsed content: 1.3113021850585938e-05

0: 736x1280 274 icons, 12.9ms
Speed: 4.1ms preprocess, 12.9ms inference, 1.0ms postprocess per image at shape (1, 3, 736, 1280)
len(filtered_boxes): 250 72
time to get parsed content: 1.33514404296875e-05

0: 736x1280 275 icons, 17.8ms
Speed: 4.0ms preprocess, 17.8ms inference, 4.5ms postprocess per image at shape (1, 3, 736, 1280)
len(filtered_boxes): 257 70
time to get parsed content: 1.2636184692382812e-05

0: 736x1280 278 icons, 12.9ms
Speed: 4.1ms preprocess, 12.9ms inference, 1.0ms postprocess per image at shape (1, 3, 736, 1280)
len(filtered_boxes): 261 67
time to get parsed content: 1.2636184692382812e-05

0: 736x1280 282 icons, 16.5ms
Speed: 4.6ms preprocess, 16.5ms inference, 4.4ms postprocess per image at shape (1, 3, 736, 1280)
len(filtered_boxes): 268 67
time to get parsed content: 1.2874603271484375e-05

0: 736x1280 276 icons, 17.9ms
Speed: 4.3ms preprocess, 17.9ms inference, 3.0ms postprocess per image at shape (1, 3, 736, 1280)
len(filtered_boxes): 259 68
time to get parsed content: 1.1682510375976562e-05

0: 736x1280 278 icons, 17.1ms
Speed: 4.1ms preprocess, 17.1ms inference, 1.0ms postprocess per image at shape (1, 3, 736, 1280)
len(filtered_boxes): 263 67
time to get parsed content: 1.2874603271484375e-05

0: 736x1280 273 icons, 12.9ms
Speed: 4.1ms preprocess, 12.9ms inference, 1.0ms postprocess per image at shape (1, 3, 736, 1280)
len(filtered_boxes): 255 70
time to get parsed content: 1.3589859008789062e-05

0: 736x1280 272 icons, 12.9ms
Speed: 4.1ms preprocess, 12.9ms inference, 1.0ms postprocess per image at shape (1, 3, 736, 1280)
len(filtered_boxes): 254 68
time to get parsed content: 1.3113021850585938e-05

0: 736x1280 274 icons, 13.1ms
Speed: 4.1ms preprocess, 13.1ms inference, 1.0ms postprocess per image at shape (1, 3, 736, 1280)
len(filtered_boxes): 251 67
time to get parsed content: 1.1444091796875e-05

0: 736x1280 274 icons, 12.9ms
Speed: 4.2ms preprocess, 12.9ms inference, 1.0ms postprocess per image at shape (1, 3, 736, 1280)
len(filtered_boxes): 252 67
time to get parsed content: 1.1682510375976562e-05

0: 736x1280 274 icons, 12.9ms
Speed: 4.1ms preprocess, 12.9ms inference, 1.0ms postprocess per image at shape (1, 3, 736, 1280)
len(filtered_boxes): 254 70
time to get parsed content: 1.2636184692382812e-05

0: 736x1280 266 icons, 17.6ms
Speed: 4.0ms preprocess, 17.6ms inference, 3.0ms postprocess per image at shape (1, 3, 736, 1280)
len(filtered_boxes): 249 71
time to get parsed content: 1.239776611328125e-05

0: 736x1280 278 icons, 12.9ms
Speed: 4.2ms preprocess, 12.9ms inference, 1.0ms postprocess per image at shape (1, 3, 736, 1280)
len(filtered_boxes): 258 65
time to get parsed content: 1.1444091796875e-05

0: 736x1280 278 icons, 12.9ms
Speed: 4.2ms preprocess, 12.9ms inference, 1.0ms postprocess per image at shape (1, 3, 736, 1280)
len(filtered_boxes): 260 67
time to get parsed content: 1.2159347534179688e-05

0: 736x1280 275 icons, 12.9ms
Speed: 4.1ms preprocess, 12.9ms inference, 1.1ms postprocess per image at shape (1, 3, 736, 1280)
len(filtered_boxes): 254 72
time to get parsed content: 1.3828277587890625e-05

0: 736x1280 268 icons, 12.9ms
Speed: 4.0ms preprocess, 12.9ms inference, 1.0ms postprocess per image at shape (1, 3, 736, 1280)
len(filtered_boxes): 253 72
time to get parsed content: 1.239776611328125e-05

0: 736x1280 272 icons, 12.9ms
Speed: 4.1ms preprocess, 12.9ms inference, 1.0ms postprocess per image at shape (1, 3, 736, 1280)
len(filtered_boxes): 253 74
time to get parsed content: 1.430511474609375e-05

0: 736x1280 272 icons, 12.9ms
Speed: 4.1ms preprocess, 12.9ms inference, 1.0ms postprocess per image at shape (1, 3, 736, 1280)
len(filtered_boxes): 251 72
time to get parsed content: 1.3589859008789062e-05

0: 736x1280 270 icons, 14.4ms
Speed: 4.0ms preprocess, 14.4ms inference, 4.4ms postprocess per image at shape (1, 3, 736, 1280)
len(filtered_boxes): 255 73
time to get parsed content: 1.1682510375976562e-05

0: 736x1280 274 icons, 13.1ms
Speed: 4.1ms preprocess, 13.1ms inference, 1.0ms postprocess per image at shape (1, 3, 736, 1280)
len(filtered_boxes): 251 69
time to get parsed content: 1.33514404296875e-05

0: 736x1280 277 icons, 12.9ms
Speed: 4.2ms preprocess, 12.9ms inference, 1.0ms postprocess per image at shape (1, 3, 736, 1280)
len(filtered_boxes): 260 70
time to get parsed content: 1.1920928955078125e-05

0: 736x1280 280 icons, 12.9ms
Speed: 4.1ms preprocess, 12.9ms inference, 1.0ms postprocess per image at shape (1, 3, 736, 1280)
len(filtered_boxes): 260 71
time to get parsed content: 1.1682510375976562e-05

0: 736x1280 278 icons, 12.9ms
Speed: 4.1ms preprocess, 12.9ms inference, 1.0ms postprocess per image at shape (1, 3, 736, 1280)
len(filtered_boxes): 258 68
time to get parsed content: 1.3113021850585938e-05

0: 736x1280 276 icons, 12.9ms
Speed: 4.4ms preprocess, 12.9ms inference, 1.0ms postprocess per image at shape (1, 3, 736, 1280)
len(filtered_boxes): 271 75
time to get parsed content: 1.3113021850585938e-05

0: 736x1280 280 icons, 18.1ms
Speed: 4.4ms preprocess, 18.1ms inference, 3.0ms postprocess per image at shape (1, 3, 736, 1280)
len(filtered_boxes): 270 78
time to get parsed content: 1.3828277587890625e-05

0: 736x1280 282 icons, 12.9ms
Speed: 4.4ms preprocess, 12.9ms inference, 1.0ms postprocess per image at shape (1, 3, 736, 1280)
len(filtered_boxes): 270 74
time to get parsed content: 1.3113021850585938e-05

0: 736x1280 290 icons, 12.9ms
Speed: 4.1ms preprocess, 12.9ms inference, 1.0ms postprocess per image at shape (1, 3, 736, 1280)
len(filtered_boxes): 272 75
time to get parsed content: 1.239776611328125e-05

0: 736x1280 266 icons, 12.9ms
Speed: 4.1ms preprocess, 12.9ms inference, 1.0ms postprocess per image at shape (1, 3, 736, 1280)
len(filtered_boxes): 266 71
time to get parsed content: 1.2636184692382812e-05

0: 736x1280 286 icons, 16.6ms
Speed: 5.9ms preprocess, 16.6ms inference, 4.3ms postprocess per image at shape (1, 3, 736, 1280)
len(filtered_boxes): 271 65
time to get parsed content: 1.2159347534179688e-05

0: 736x1280 280 icons, 13.4ms
Speed: 4.1ms preprocess, 13.4ms inference, 1.2ms postprocess per image at shape (1, 3, 736, 1280)
len(filtered_boxes): 259 66
time to get parsed content: 1.2874603271484375e-05

0: 736x1280 279 icons, 12.9ms
Speed: 4.1ms preprocess, 12.9ms inference, 1.0ms postprocess per image at shape (1, 3, 736, 1280)
len(filtered_boxes): 255 65
time to get parsed content: 1.0728836059570312e-05

0: 736x1280 280 icons, 14.4ms
Speed: 4.1ms preprocess, 14.4ms inference, 2.1ms postprocess per image at shape (1, 3, 736, 1280)
len(filtered_boxes): 271 67
time to get parsed content: 1.1682510375976562e-05

0: 736x1280 285 icons, 18.1ms
Speed: 4.2ms preprocess, 18.1ms inference, 4.6ms postprocess per image at shape (1, 3, 736, 1280)
len(filtered_boxes): 270 69
time to get parsed content: 1.2636184692382812e-05

0: 736x1280 286 icons, 12.9ms
Speed: 4.0ms preprocess, 12.9ms inference, 1.0ms postprocess per image at shape (1, 3, 736, 1280)
len(filtered_boxes): 272 69
time to get parsed content: 1.2159347534179688e-05

0: 736x1280 282 icons, 14.4ms
Speed: 4.0ms preprocess, 14.4ms inference, 2.3ms postprocess per image at shape (1, 3, 736, 1280)
len(filtered_boxes): 264 69
time to get parsed content: 1.2159347534179688e-05

0: 736x1280 283 icons, 12.9ms
Speed: 4.4ms preprocess, 12.9ms inference, 1.0ms postprocess per image at shape (1, 3, 736, 1280)
len(filtered_boxes): 264 71
time to get parsed content: 1.2874603271484375e-05

0: 736x1280 281 icons, 12.9ms
Speed: 4.0ms preprocess, 12.9ms inference, 1.0ms postprocess per image at shape (1, 3, 736, 1280)
len(filtered_boxes): 263 70
time to get parsed content: 1.2159347534179688e-05

0: 736x1280 281 icons, 18.1ms
Speed: 4.1ms preprocess, 18.1ms inference, 4.6ms postprocess per image at shape (1, 3, 736, 1280)
len(filtered_boxes): 260 71
time to get parsed content: 1.3113021850585938e-05

0: 736x1280 276 icons, 18.1ms
Speed: 4.1ms preprocess, 18.1ms inference, 1.0ms postprocess per image at shape (1, 3, 736, 1280)
len(filtered_boxes): 258 73
time to get parsed content: 1.3828277587890625e-05

0: 736x1280 282 icons, 12.9ms
Speed: 4.1ms preprocess, 12.9ms inference, 1.0ms postprocess per image at shape (1, 3, 736, 1280)
len(filtered_boxes): 262 69
time to get parsed content: 1.2159347534179688e-05

0: 736x1280 280 icons, 12.9ms
Speed: 4.1ms preprocess, 12.9ms inference, 1.0ms postprocess per image at shape (1, 3, 736, 1280)
len(filtered_boxes): 258 71
time to get parsed content: 1.33514404296875e-05

0: 736x1280 275 icons, 12.9ms
Speed: 4.1ms preprocess, 12.9ms inference, 1.0ms postprocess per image at shape (1, 3, 736, 1280)
len(filtered_boxes): 263 69
time to get parsed content: 1.2159347534179688e-05

0: 736x1280 276 icons, 12.9ms
Speed: 4.1ms preprocess, 12.9ms inference, 1.0ms postprocess per image at shape (1, 3, 736, 1280)
len(filtered_boxes): 258 71
time to get parsed content: 1.3113021850585938e-05

0: 736x1280 280 icons, 13.4ms
Speed: 4.4ms preprocess, 13.4ms inference, 1.2ms postprocess per image at shape (1, 3, 736, 1280)
len(filtered_boxes): 261 71
time to get parsed content: 1.1205673217773438e-05

0: 736x1280 281 icons, 12.9ms
Speed: 4.0ms preprocess, 12.9ms inference, 1.0ms postprocess per image at shape (1, 3, 736, 1280)
len(filtered_boxes): 262 74
time to get parsed content: 1.2874603271484375e-05

0: 736x1280 275 icons, 17.9ms
Speed: 4.1ms preprocess, 17.9ms inference, 2.9ms postprocess per image at shape (1, 3, 736, 1280)
len(filtered_boxes): 257 72
time to get parsed content: 1.2159347534179688e-05
850 frames, t=849.0s, 0.18 frames/s

0: 736x1280 280 icons, 26.5ms
Speed: 6.0ms preprocess, 26.5ms inference, 9.6ms postprocess per image at shape (1, 3, 736, 1280)
len(filtered_boxes): 258 73
time to get parsed content: 1.1682510375976562e-05

0: 736x1280 280 icons, 12.9ms
Speed: 4.1ms preprocess, 12.9ms inference, 1.0ms postprocess per image at shape (1, 3, 736, 1280)
len(filtered_boxes): 258 77
time to get parsed content: 1.1920928955078125e-05

0: 736x1280 278 icons, 12.9ms
Speed: 4.1ms preprocess, 12.9ms inference, 1.0ms postprocess per image at shape (1, 3, 736, 1280)
len(filtered_boxes): 259 79
time to get parsed content: 1.52587890625e-05

0: 736x1280 278 icons, 17.9ms
Speed: 4.2ms preprocess, 17.9ms inference, 4.1ms postprocess per image at shape (1, 3, 736, 1280)
len(filtered_boxes): 257 73
time to get parsed content: 1.3113021850585938e-05

0: 736x1280 278 icons, 12.9ms
Speed: 4.1ms preprocess, 12.9ms inference, 1.0ms postprocess per image at shape (1, 3, 736, 1280)
len(filtered_boxes): 258 73
time to get parsed content: 1.2874603271484375e-05

0: 736x1280 280 icons, 12.9ms
Speed: 4.1ms preprocess, 12.9ms inference, 1.0ms postprocess per image at shape (1, 3, 736, 1280)
len(filtered_boxes): 261 72
time to get parsed content: 1.239776611328125e-05

0: 736x1280 280 icons, 12.9ms
Speed: 4.1ms preprocess, 12.9ms inference, 1.0ms postprocess per image at shape (1, 3, 736, 1280)
len(filtered_boxes): 258 68
time to get parsed content: 1.3113021850585938e-05

0: 736x1280 287 icons, 17.9ms
Speed: 4.2ms preprocess, 17.9ms inference, 2.6ms postprocess per image at shape (1, 3, 736, 1280)
len(filtered_boxes): 262 68
time to get parsed content: 1.2159347534179688e-05

0: 736x1280 284 icons, 16.1ms
Speed: 4.8ms preprocess, 16.1ms inference, 4.0ms postprocess per image at shape (1, 3, 736, 1280)
len(filtered_boxes): 260 70
time to get parsed content: 1.3113021850585938e-05

0: 736x1280 282 icons, 17.6ms
Speed: 4.3ms preprocess, 17.6ms inference, 1.0ms postprocess per image at shape (1, 3, 736, 1280)
len(filtered_boxes): 263 71
time to get parsed content: 1.3589859008789062e-05

0: 736x1280 256 icons, 12.9ms
Speed: 4.1ms preprocess, 12.9ms inference, 1.0ms postprocess per image at shape (1, 3, 736, 1280)
len(filtered_boxes): 259 67
time to get parsed content: 1.239776611328125e-05

0: 736x1280 269 icons, 16.3ms
Speed: 6.1ms preprocess, 16.3ms inference, 4.3ms postprocess per image at shape (1, 3, 736, 1280)
len(filtered_boxes): 246 61
time to get parsed content: 1.1444091796875e-05

0: 736x1280 268 icons, 12.9ms
Speed: 4.2ms preprocess, 12.9ms inference, 1.0ms postprocess per image at shape (1, 3, 736, 1280)
len(filtered_boxes): 240 67
time to get parsed content: 1.3113021850585938e-05
1 segments from 863 frames -> /mnt/hitchcock/scratch/oberon/OmniParser/results/Godot_tutorial_1_editor_segments.json
